activation_id,entitlement_id,quantity,activation_date,device_fingerprint,activation_type,status
ACT-000001,ENT-00001,1,2025-06-05,cc194010-c3ad-42b9-a128-131022ece14c,Online,Active
ACT-000002,ENT-00001,4,2025-05-10,b2338ad7-3f34-4b98-887b-6835acd6073c,Online,Active
ACT-000003,ENT-00001,3,2025-07-03,e862281c-84fb-480e-842a-6ff97ed8f70b,Manual,Expired
ACT-000004,ENT-00002,4,2025-01-29,e3b5a1ad-344d-4c7b-bce5-ada01ec25c52,Manual,Active
ACT-000005,ENT-00003,2,2024-03-11,4b40bc7f-be49-4fb1-8507-6e92eec5cab0,Offline,Active
ACT-000006,ENT-00003,1,2024-03-04,dd354cdf-0fcb-409a-aed3-db8aae00c221,Online,Active
ACT-000007,ENT-00003,7,2024-03-08,fcd6dff9-2d09-43fb-806f-199905cd70bd,Offline,Expired
ACT-000008,ENT-00004,2,2023-10-01,46751fde-200b-48c5-bd96-ab01cd4d1413,Offline,Active
ACT-000009,ENT-00004,9,2024-04-15,15a3734f-c68f-46a5-8cce-19ce7e4ba79f,Manual,Deactivated
ACT-000010,ENT-00005,2,2025-07-21,fc0fd6b6-9be8-4e0a-b258-bc89fd083d43,Offline,Deactivated
ACT-000011,ENT-00006,1,2024-12-04,a880c1aa-349e-4476-9d98-d935bb65bd59,Manual,Deactivated
ACT-000012,ENT-00006,5,2024-09-18,670baa65-5b08-4e09-aa27-598f185b9f38,Online,Active
ACT-000013,ENT-00007,3,2025-03-18,d1a7ffcb-0828-4e56-aeac-a9406ae7a03c,Offline,Active
ACT-000014,ENT-00007,3,2024-09-19,9dfb0b67-3177-46f3-a122-5ee701874307,Online,Active
ACT-000015,ENT-00008,7,2025-07-24,e563314b-8982-45bb-bcd7-755d3df46a4d,Online,Active
ACT-000016,ENT-00008,6,2025-07-31,f8093d26-dab0-4386-b266-157cfcb17445,Offline,Active
ACT-000017,ENT-00008,7,2025-08-01,d63b2e41-b390-4cf2-82b3-30845e322d05,Offline,Active
ACT-000018,ENT-00009,7,2025-02-17,99f7d030-8552-4074-ac5f-febb1a179ba7,Online,Active
ACT-000019,ENT-00009,7,2024-10-26,4c093c11-4360-48e6-9676-d663d3d11959,Manual,Active
ACT-000020,ENT-00010,9,2024-11-10,cddff707-d008-4ae2-8a09-44e8ff94326b,Manual,Active
ACT-000021,ENT-00011,6,2025-03-23,cad374c9-b691-4f72-9a00-cef53d68cef4,Manual,Active
ACT-000022,ENT-00012,3,2024-12-05,9e042ec8-e6b8-4a4c-9777-a761a621913b,Offline,Active
ACT-000023,ENT-00013,7,2025-07-28,72a72d20-3b91-451c-b22f-67956ea62a01,Manual,Active
ACT-000024,ENT-00013,9,2025-07-30,f4d0b8b6-1ab2-4746-bb0e-584260499055,Online,Active
ACT-000025,ENT-00013,3,2025-07-26,4180d405-e2e6-40e1-a18f-db0d897de98a,Offline,Deactivated
ACT-000026,ENT-00014,4,2024-09-23,6e95f68f-515b-400f-b07f-68751f24a974,Manual,Active
ACT-000027,ENT-00014,1,2024-04-10,b9fceb60-3b96-40e6-ae72-74088ec0d286,Offline,Active
ACT-000028,ENT-00014,1,2025-04-14,d54e9104-f454-4926-b033-adeab466ed6b,Online,Active
ACT-000029,ENT-00015,8,2025-07-08,9c7ed79e-fbb7-4fe2-9478-63925211a4a7,Manual,Active
ACT-000030,ENT-00015,9,2025-07-15,63e767fe-1824-4e76-a54e-4c0fe05834f8,Online,Active
ACT-000031,ENT-00016,9,2025-03-06,ad5fc407-d315-4f54-9d2e-398e2001cc16,Online,Active
ACT-000032,ENT-00016,7,2023-11-11,e09de52f-811a-40eb-85d2-2efcdefb1b9c,Offline,Active
ACT-000033,ENT-00017,4,2023-12-17,fdebae16-5107-4b70-a9f5-d36273e0ce81,Online,Active
ACT-000034,ENT-00018,3,2024-05-31,b8e7ce81-1a85-49ad-ae9d-2b4d81fac4eb,Manual,Active
ACT-000035,ENT-00018,2,2024-11-04,63ca0f45-516f-4489-86b7-9d34749665e8,Offline,Active
ACT-000036,ENT-00019,4,2025-06-30,8a210c7c-1ada-401e-9067-b72c00ad629b,Offline,Active
ACT-000037,ENT-00019,2,2025-02-28,92e6897c-e430-4e35-bd36-a38c48f1374f,Offline,Active
ACT-000038,ENT-00020,7,2024-08-05,28b99796-4d5f-455c-b173-91516140afe7,Offline,Active
ACT-000039,ENT-00021,1,2025-03-08,d547e15b-0d6d-447b-999c-e6e2fd8c6385,Manual,Active
ACT-000040,ENT-00021,4,2025-06-23,21ff782b-1ff4-4093-934a-28942b670053,Manual,Active
ACT-000041,ENT-00021,4,2025-05-06,4cb73646-0b55-477a-8e18-15c871f8a95f,Offline,Deactivated
ACT-000042,ENT-00022,2,2025-04-28,5303f977-1061-4d18-9ca9-08c8c7af05a8,Manual,Active
ACT-000043,ENT-00023,1,2024-09-14,b4ec6cb8-f992-42a8-9858-8192a32cba20,Manual,Active
ACT-000044,ENT-00023,8,2024-01-25,fa421ac2-06de-4582-a8d0-1d4446f08dc0,Manual,Deactivated
ACT-000045,ENT-00023,10,2023-12-19,a8a8ee89-ee23-484e-a478-4bf4e7da1e06,Online,Active
ACT-000046,ENT-00024,1,2025-06-03,ba494fa1-797b-4d31-8c1f-9a8b77a53a01,Offline,Active
ACT-000047,ENT-00024,4,2025-06-19,4d6f9bd2-0c51-4249-8825-da5f947e3f4a,Offline,Expired
ACT-000048,ENT-00024,1,2025-07-12,bf8084e2-931f-4e31-b0d9-076dc3c3ce93,Manual,Deactivated
ACT-000049,ENT-00025,8,2025-06-27,fd58a922-7050-4732-b815-daf943039026,Offline,Active
ACT-000050,ENT-00025,4,2025-06-26,45a5d49b-b8f4-4249-875e-8373ce30b1f8,Online,Active
ACT-000051,ENT-00026,4,2024-03-27,e33a90bb-70d3-4a9b-aedd-23cda6aaf320,Offline,Deactivated
ACT-000052,ENT-00026,1,2023-12-30,50cea0f1-c107-4e7d-ae19-782400685569,Manual,Active
ACT-000053,ENT-00026,3,2024-04-19,578ce9f5-0c05-4787-beba-f820cb1a0961,Manual,Deactivated
ACT-000054,ENT-00027,2,2024-07-29,614aed9f-06d2-49dd-a4ab-95ee48b6a2ea,Online,Active
ACT-000055,ENT-00027,1,2025-05-04,648723c9-dbae-4516-b4d7-c16f9431d5d5,Online,Active
ACT-000056,ENT-00027,3,2024-08-04,ca41b662-f7fe-43e4-87c8-b918ec620d67,Online,Expired
ACT-000057,ENT-00028,6,2023-10-14,9c72d50d-a236-4ebe-add0-37efe0247996,Offline,Deactivated
ACT-000058,ENT-00028,10,2024-02-24,80e635bb-cb94-4026-af53-ecde572a03b7,Offline,Active
ACT-000059,ENT-00028,10,2023-10-24,550a39d8-0bb0-420d-a55b-72a71c1f6001,Offline,Active
ACT-000060,ENT-00029,6,2025-02-25,89a6b5c1-d37b-431c-b338-519393f0fa6c,Manual,Active
ACT-000061,ENT-00029,4,2024-09-15,7e378c9b-f151-4102-8ef6-562106c89fa4,Offline,Active
ACT-000062,ENT-00029,5,2024-04-23,ef5fdec2-ecdb-43f5-a9a6-11191fff6c98,Online,Active
ACT-000063,ENT-00030,9,2025-05-18,39c8d8ef-f345-4838-887e-d91dc3145877,Online,Expired
ACT-000064,ENT-00031,7,2024-08-27,502ddbed-338a-41c4-8373-573696ca0387,Offline,Deactivated
ACT-000065,ENT-00032,5,2024-10-21,ea03a929-acd2-4bc7-8b0f-a90c0c2593ec,Online,Active
ACT-000066,ENT-00032,1,2025-01-01,7365655d-b5f6-4d5c-8d7b-2ac214b612a3,Manual,Active
ACT-000067,ENT-00033,10,2025-05-27,bba57683-38f6-4263-bef1-54cee4874c88,Manual,Active
ACT-000068,ENT-00033,3,2025-05-08,01b9e65c-ebd7-40df-8437-1e721a93f93b,Online,Active
ACT-000069,ENT-00033,7,2025-05-29,fadf2e11-5f9a-4028-a8ca-e50de08f7b9e,Offline,Active
ACT-000070,ENT-00034,8,2025-04-06,fe7b3586-37a4-4a41-8cc2-c800c7a05ef8,Online,Active
ACT-000071,ENT-00034,1,2025-02-03,adcc51db-ace1-4d91-a293-aff7ff77e907,Manual,Active
ACT-000072,ENT-00034,6,2025-04-09,76f0ef2c-fbb2-41d5-afd4-66d961beef5d,Manual,Active
ACT-000073,ENT-00035,7,2025-07-27,acab0b3f-6d06-45ea-aa74-2628b3d9b5c6,Offline,Active
ACT-000074,ENT-00035,9,2024-10-15,4b673af2-2d87-472c-bdd5-d8ccb3babe5f,Offline,Active
ACT-000075,ENT-00035,6,2024-10-13,52b82bb5-62e5-4dc9-a1f5-fcc87e363ee2,Offline,Active
ACT-000076,ENT-00036,7,2025-03-19,1d007117-a122-450c-b7c7-cdd4cce68157,Manual,Active
ACT-000077,ENT-00036,7,2025-04-07,2583b890-8648-4c46-8ba3-af53be787b96,Manual,Active
ACT-000078,ENT-00036,3,2025-06-10,8aa66288-2b3e-4707-8694-527897fc9ae8,Offline,Active
ACT-000079,ENT-00037,7,2025-01-28,8febab25-e7be-4256-878f-9f2fa23db7dc,Offline,Active
ACT-000080,ENT-00037,3,2024-08-22,68113c2c-fd3f-4683-ac0c-3999cef90382,Manual,Deactivated
ACT-000081,ENT-00038,8,2024-04-18,37b93060-a0f5-4465-b07a-c0feb7fd5b2d,Manual,Active
ACT-000082,ENT-00038,4,2024-09-20,506c37d9-5867-40f0-a7a1-fa2b3e124a0f,Online,Active
ACT-000083,ENT-00038,4,2024-08-28,04720d81-e27e-4917-944e-89ba23e0ae2c,Online,Active
ACT-000084,ENT-00039,3,2024-01-11,0ea8293d-9633-49e3-8bfe-f6b083512ea9,Online,Active
ACT-000085,ENT-00039,8,2025-02-19,d6dff343-8089-4fad-825d-a1d9a307288c,Offline,Active
ACT-000086,ENT-00040,9,2025-06-27,64ca89cc-a7a8-4ef6-be31-b14d1102bd27,Online,Expired
ACT-000087,ENT-00041,7,2025-06-07,7c07263e-1da6-4ad0-8684-115e22ce38d2,Online,Active
ACT-000088,ENT-00041,9,2025-02-27,4e5bd028-6455-45ac-9fa4-d9a98eb231c1,Online,Expired
ACT-000089,ENT-00042,3,2025-04-23,a0311a0e-d2f7-4412-aa48-d5a12c0146f2,Manual,Active
ACT-000090,ENT-00042,7,2025-05-30,b01de24c-8fe1-4202-825d-18a6ca2f0e57,Offline,Active
ACT-000091,ENT-00042,4,2025-01-25,9205f0a3-68fb-4496-9936-2f6179d543b8,Offline,Active
ACT-000092,ENT-00043,4,2023-10-27,cddc7f9c-cd6b-445d-bbfe-ba22507288ad,Online,Active
ACT-000093,ENT-00043,6,2025-03-02,0b1c1f57-0dc2-41e1-99c5-29b821e6f89e,Manual,Active
ACT-000094,ENT-00044,2,2025-06-04,c2e66134-01f3-41f5-bc5a-b661cc88b91f,Offline,Active
ACT-000095,ENT-00044,8,2025-05-28,36bc2629-2766-4b4f-9465-a9b6be5f9c98,Online,Deactivated
ACT-000096,ENT-00044,6,2025-07-24,2436f23c-5ea5-415b-8a1e-0b26f7e2ba62,Online,Active
ACT-000097,ENT-00045,9,2025-05-26,258ba02e-00e4-458d-ab7c-dead3e82257e,Manual,Active
ACT-000098,ENT-00046,4,2025-01-24,4f1e049e-7b67-497d-acf6-ae41fdc0df62,Manual,Deactivated
ACT-000099,ENT-00046,1,2025-05-24,3a04252e-af2d-433c-9834-34eb60dc30ff,Offline,Deactivated
ACT-000100,ENT-00046,5,2025-07-17,692d97e9-53af-418d-b2bf-540d6d580b19,Online,Active
ACT-000101,ENT-00047,10,2025-07-17,b3684a33-e25f-45eb-a12c-a4a0a444ecab,Online,Deactivated
ACT-000102,ENT-00047,10,2025-07-27,61ad8f6c-d03e-4f80-b628-132497274851,Manual,Deactivated
ACT-000103,ENT-00048,2,2025-04-23,3cbdab43-31fd-467a-bafb-29c72c7c8b3f,Offline,Active
ACT-000104,ENT-00049,10,2025-06-25,eee74f96-593c-4200-beb1-d6438b9e5502,Offline,Active
ACT-000105,ENT-00050,9,2024-12-28,bfb5975a-d900-4f8e-9276-ad80986a1213,Online,Active
ACT-000106,ENT-00050,4,2025-02-25,db3b81fd-0d29-4a8a-abee-200a3d0356a9,Manual,Active
ACT-000107,ENT-00050,8,2024-08-18,4d25f208-7996-4f25-9d2d-c32617b46bbc,Online,Active
ACT-000108,ENT-00051,6,2024-07-23,c9783886-aa90-48dc-b493-9bb26bc17a0a,Offline,Expired
ACT-000109,ENT-00052,1,2025-03-05,1fca0f20-b4ec-4d38-bcea-c4ddd9f3d4bd,Online,Active
ACT-000110,ENT-00052,4,2024-09-14,0574e5d8-a4d3-4968-8202-970319fe98c2,Manual,Active
ACT-000111,ENT-00053,3,2024-11-09,befb0eb1-859a-465f-a2e2-c4d1766636f6,Offline,Expired
ACT-000112,ENT-00054,8,2025-02-22,41e51b11-3fb5-44a0-95e6-93794cab449b,Online,Deactivated
ACT-000113,ENT-00055,10,2024-01-29,e1a40e4f-8b8a-44d9-8d28-fc0bf3fe0642,Offline,Active
ACT-000114,ENT-00056,4,2024-07-30,73b420ea-a628-4709-9d29-50de226ccd81,Online,Active
ACT-000115,ENT-00056,7,2024-06-08,7bd24f51-eb34-4bce-9d75-42a489d30301,Manual,Active
ACT-000116,ENT-00056,4,2025-03-01,11ad819d-f6df-43eb-9b97-1d98b54ca16a,Offline,Active
ACT-000117,ENT-00057,6,2025-06-26,d4a2c5d9-412b-4c9a-a195-69166ef880e7,Online,Active
ACT-000118,ENT-00057,5,2025-06-17,f94524ad-24a0-4e47-8d06-0fb43288bc7a,Online,Active
ACT-000119,ENT-00057,7,2025-06-15,bb2bcfa3-ce76-42ac-837f-293dea53483b,Online,Deactivated
ACT-000120,ENT-00058,9,2024-11-30,02c72d1f-b058-4ddb-9e49-2ba97cc5a012,Online,Active
ACT-000121,ENT-00058,6,2025-06-21,623f844c-da48-437a-ba7c-ae01c23207e5,Manual,Active
ACT-000122,ENT-00059,5,2025-08-01,a1efa2ad-2af3-4d37-b90e-f2da8ea515b6,Offline,Active
ACT-000123,ENT-00059,6,2025-07-17,7bf5a1f0-0df6-480f-a95f-336146083f6e,Online,Active
ACT-000124,ENT-00060,8,2025-02-25,c41fdbb7-bd1d-48d6-9279-09da3f9f80e0,Manual,Active
ACT-000125,ENT-00060,8,2024-10-09,4d0bf8eb-b3fc-47ea-9f10-2a02e7260839,Online,Deactivated
ACT-000126,ENT-00060,2,2025-06-03,6012b19f-641a-4c8e-a469-a494115326f3,Online,Active
ACT-000127,ENT-00061,8,2025-01-27,cf17fdcd-bff3-4f70-a16d-79fb449dc0c8,Offline,Active
ACT-000128,ENT-00061,6,2025-04-29,538d6ff6-1b3a-4183-b9cd-22f345a59657,Offline,Active
ACT-000129,ENT-00061,4,2025-06-28,22f2654d-34b3-46ed-9808-5270f2e66cde,Manual,Active
ACT-000130,ENT-00062,6,2025-06-08,c72185e7-a8e4-4003-9324-cb3140f8d79d,Manual,Active
ACT-000131,ENT-00062,7,2025-05-29,fca93e30-57f3-42ce-817a-ceb1b4998aca,Manual,Active
ACT-000132,ENT-00063,1,2024-12-19,a2e9b335-71c8-4f46-a16a-7cbc9c1a1dda,Offline,Active
ACT-000133,ENT-00064,2,2025-06-25,c8680b4a-0c5d-4ae2-abb2-5e90462bf1a8,Offline,Active
ACT-000134,ENT-00064,1,2025-04-18,1868727c-33ba-4b34-808f-6c6869af3b7f,Offline,Active
ACT-000135,ENT-00064,3,2025-06-13,5ecf1d63-31e3-4d7a-b934-2d7eec70adde,Manual,Active
ACT-000136,ENT-00065,10,2025-04-24,fa3ffd0b-a76d-442f-b73f-6fa8601e228c,Manual,Active
ACT-000137,ENT-00065,10,2025-06-22,f5e8aa1f-7c55-4fb6-8cc2-4265dfd3f123,Online,Active
ACT-000138,ENT-00065,7,2025-03-30,592cf307-efae-4caf-9a5b-4e58a3235135,Manual,Active
ACT-000139,ENT-00066,3,2025-02-06,8160138c-6086-49b8-afd2-0e8a8cbf8ba4,Manual,Active
ACT-000140,ENT-00066,4,2025-05-10,e9624aaa-a113-4ef7-9192-5dc7f1236525,Online,Active
ACT-000141,ENT-00067,4,2024-02-16,50f9c5db-eea4-4588-9c82-8caa2320813a,Offline,Active
ACT-000142,ENT-00067,7,2024-04-13,d696c329-0700-445d-95bb-3e63b7372aad,Manual,Active
ACT-000143,ENT-00068,4,2024-01-19,7818cb3f-fa2d-4b42-970e-b603439a2c4f,Offline,Expired
ACT-000144,ENT-00068,8,2024-10-21,8e1cd464-bcac-43a8-acc7-b6819c6c5f82,Online,Active
ACT-000145,ENT-00068,9,2024-04-07,c9e67289-258c-47b5-8dae-930ad222a85c,Manual,Active
ACT-000146,ENT-00069,6,2025-04-28,b0a2e565-25ab-4d6f-b811-047ef1a7cbf3,Offline,Active
ACT-000147,ENT-00069,5,2025-01-31,31458690-ed00-4f66-adde-4320b654ed74,Manual,Deactivated
ACT-000148,ENT-00069,8,2024-12-16,28154873-7746-430b-b00e-f8e9eaa1d9c2,Online,Active
ACT-000149,ENT-00070,8,2024-06-11,2c75aaec-c91d-48f0-a176-f0039f235a2c,Manual,Active
ACT-000150,ENT-00070,8,2023-11-14,5c1d4c3e-f224-4360-ae57-4404ab0930cc,Offline,Deactivated
ACT-000151,ENT-00070,3,2025-07-04,e24fd609-a94e-4ba9-b554-73a48d3b42d2,Manual,Deactivated
ACT-000152,ENT-00071,6,2025-05-05,85274a93-e7ca-46e6-b357-26588fa25dc5,Offline,Active
ACT-000153,ENT-00071,3,2025-04-21,51342528-39d0-4db3-9367-1cd80fc1a214,Online,Active
ACT-000154,ENT-00071,3,2024-09-30,a79eef49-db37-4d96-bb7b-70cbe6949134,Manual,Deactivated
ACT-000155,ENT-00072,9,2025-02-07,b302a794-7cc7-4399-bfa4-371f304f5abc,Offline,Active
ACT-000156,ENT-00072,8,2025-02-23,ce9e1cb4-7bbb-4d3a-9439-4a4de3a0c4a0,Manual,Active
ACT-000157,ENT-00072,3,2025-03-06,bd0315c3-6072-44af-93b9-b793c724a82f,Offline,Active
ACT-000158,ENT-00073,1,2024-05-18,d2415d08-1ee8-4731-85f2-5d85ffbab08d,Online,Active
ACT-000159,ENT-00073,9,2023-10-22,63921bed-dc4a-43fd-8196-3f3890d37f49,Manual,Active
ACT-000160,ENT-00073,1,2024-10-28,104f87b4-a9b5-4e43-9fec-b01ca2c973d4,Manual,Active
ACT-000161,ENT-00074,1,2025-03-20,8eec69bc-acc5-4d48-86c9-55a48d9f09c2,Manual,Expired
ACT-000162,ENT-00075,7,2025-04-03,766a2f2a-e278-4365-8786-8137db724c7e,Offline,Active
ACT-000163,ENT-00076,4,2024-12-12,775772e7-7751-404b-b892-260047aba0d8,Manual,Active
ACT-000164,ENT-00077,3,2024-09-30,44be72b1-3067-4d3c-bf94-5a23c79b6eac,Offline,Active
ACT-000165,ENT-00078,4,2024-04-29,404a7fb3-fd66-4a6b-a97b-6314f9341495,Online,Expired
ACT-000166,ENT-00079,8,2024-10-28,c5e07aa3-80f5-49f7-a21e-b9d8b459fa81,Manual,Active
ACT-000167,ENT-00079,6,2024-01-29,2b1cfbd0-ea52-416c-8138-eeb8e87d0d20,Offline,Active
ACT-000168,ENT-00079,1,2025-03-18,e1e20c0c-27b3-4804-abb3-772dc6e0e7b5,Online,Active
ACT-000169,ENT-00080,10,2025-05-04,7f6093c0-17ed-4234-9d7b-4e67e90e5774,Offline,Active
ACT-000170,ENT-00080,8,2025-06-12,ce517838-4600-46c6-853b-98a8f1e45bf1,Manual,Deactivated
ACT-000171,ENT-00080,8,2025-06-27,535df80e-eb69-4afb-9952-e4923fcd51de,Online,Active
ACT-000172,ENT-00081,1,2025-02-06,14f707ff-9850-450b-aa9c-e6543e5b196b,Offline,Active
ACT-000173,ENT-00082,9,2024-04-16,15040082-62db-44b7-a009-61a625317138,Online,Active
ACT-000174,ENT-00082,7,2025-05-19,be5cb619-0c3c-430d-b0e1-89f96cfc7292,Offline,Active
ACT-000175,ENT-00082,1,2023-09-18,90c82178-c60c-4b53-95c2-35e17a896f1d,Offline,Active
ACT-000176,ENT-00083,9,2024-05-03,5d450e10-1846-4c29-ae4e-054c5cec251b,Online,Active
ACT-000177,ENT-00084,5,2024-11-02,a89c9752-680f-4c89-a002-eaff084009f3,Manual,Active
ACT-000178,ENT-00084,9,2024-07-01,049527d3-c656-4d15-8efc-a943f09e1eb2,Online,Active
ACT-000179,ENT-00084,5,2025-04-11,164fa837-b0b2-4b75-9eb8-85049e548842,Offline,Active
ACT-000180,ENT-00085,9,2024-05-08,fb775c14-575b-4a4d-a6de-c3bbacca34d3,Offline,Active
ACT-000181,ENT-00086,7,2025-03-06,d7ac7589-f7d7-4bb2-aa08-598fba0b1462,Manual,Active
ACT-000182,ENT-00086,3,2024-06-06,6a8168f0-32bb-449e-b645-7295d4ae0cfb,Online,Active
ACT-000183,ENT-00086,2,2024-12-18,3af943f9-e4c1-4971-a89d-5376b1230806,Online,Active
ACT-000184,ENT-00087,9,2024-09-28,9221199e-242e-43ca-b896-4153bc764ae4,Offline,Active
ACT-000185,ENT-00088,4,2025-06-12,e52b4743-3fc1-45d9-9b6b-cbe5feaa19ef,Manual,Deactivated
ACT-000186,ENT-00089,10,2025-07-14,0e761537-1ce9-402f-bbdc-3a04bd015727,Manual,Active
ACT-000187,ENT-00090,5,2024-03-09,67142abc-f026-43a1-8443-92f53fb52d44,Online,Active
ACT-000188,ENT-00090,6,2025-05-16,82caa949-dd01-45c4-afbf-4dd4ecb8f8d2,Offline,Deactivated
ACT-000189,ENT-00090,5,2024-02-28,6c5c22b4-aa04-40d2-afce-cad512d4e3d1,Manual,Deactivated
ACT-000190,ENT-00091,2,2024-09-14,e1cf9334-fc8f-4e8c-a2ab-0071498b36ae,Offline,Deactivated
ACT-000191,ENT-00091,6,2025-07-13,86766c10-d3ec-4027-a691-87bb11beff85,Online,Active
ACT-000192,ENT-00092,8,2025-07-12,de0c631c-b10a-4cd0-b49b-2f847f1887b2,Online,Active
ACT-000193,ENT-00092,10,2025-06-29,30506510-7310-41a4-9734-ef17e867edbc,Offline,Active
ACT-000194,ENT-00093,4,2024-07-20,655313dc-89ef-4b33-b49a-6a33c5c13a13,Online,Active
ACT-000195,ENT-00094,2,2025-07-04,306e9a87-87f9-4d14-87c8-c3d930951d36,Offline,Active
ACT-000196,ENT-00094,1,2025-07-06,c516ada6-96da-4dda-8707-f6e786e96d59,Online,Deactivated
ACT-000197,ENT-00095,7,2025-07-13,6f778125-dcd8-4a86-99c0-f89ce8bdbded,Offline,Active
ACT-000198,ENT-00096,7,2025-06-08,5aa1714a-a61e-4938-b850-a5c38e9823b5,Manual,Active
ACT-000199,ENT-00096,9,2025-06-10,2c2a9c58-707c-463a-9245-266d24907c67,Online,Deactivated
ACT-000200,ENT-00097,1,2025-03-12,be79b176-3340-4729-9539-39f47bc59a0d,Offline,Active
ACT-000201,ENT-00097,1,2025-04-26,7052a0fd-d57c-4993-8d13-8c1e220e02b7,Offline,Active
ACT-000202,ENT-00098,3,2025-08-01,29bda65b-42d2-43c5-8d53-486c60880330,Online,Active
ACT-000203,ENT-00098,2,2025-06-25,6e54db8f-96ea-4091-bf10-5c07f1dee6ab,Offline,Active
ACT-000204,ENT-00098,8,2025-06-19,b8c5c917-06b8-4f7f-bcdc-807fc72a447c,Offline,Active
ACT-000205,ENT-00099,6,2025-05-18,79ffa5b5-c834-4c29-b1f2-d3205126c752,Online,Expired
ACT-000206,ENT-00099,10,2024-11-02,16b0cf67-2246-4461-ab87-c802c57dc9d8,Offline,Deactivated
ACT-000207,ENT-00100,9,2024-02-01,9184c9d3-7d70-4213-bea1-58bb29fc8650,Offline,Deactivated
ACT-000208,ENT-00101,4,2024-12-15,1471ae6f-da96-412f-a222-607571bb25b5,Manual,Active
ACT-000209,ENT-00102,10,2025-05-10,df8b8f1f-3500-4dda-805f-c328ff2e2fc9,Manual,Deactivated
ACT-000210,ENT-00103,5,2025-06-26,55c1a4da-2b9d-4163-85a3-f2f288822a75,Offline,Active
ACT-000211,ENT-00103,1,2025-07-25,7018dfb9-002a-4a26-b4ac-be95e0359ec2,Offline,Active
ACT-000212,ENT-00104,5,2025-05-08,41e35389-c0fd-4022-b68a-999956e7ab4e,Online,Active
ACT-000213,ENT-00105,10,2025-07-01,83093a37-205b-42a5-b98b-52da6a76e8c2,Offline,Active
ACT-000214,ENT-00105,1,2025-05-20,abe70b24-bc62-41db-8794-939ffc40eda9,Manual,Active
ACT-000215,ENT-00105,3,2025-08-01,a6a57819-124e-4e66-95d6-c80339f6a5b1,Manual,Active
ACT-000216,ENT-00106,1,2025-01-10,5d861cea-001e-4690-bea1-00eca952c914,Offline,Active
ACT-000217,ENT-00106,4,2025-01-09,c9312a97-3d62-418a-8f1a-7c37d9d6c9a9,Offline,Active
ACT-000218,ENT-00107,3,2025-05-19,9296ecf4-7685-4b0b-a693-5ef025095294,Offline,Active
ACT-000219,ENT-00107,7,2025-05-08,cc28a19c-655e-4e1f-9f05-ef3b219ec309,Offline,Active
ACT-000220,ENT-00107,2,2025-02-23,aba93991-65e4-47a3-9035-a3fba49ecfb2,Manual,Active
ACT-000221,ENT-00108,3,2024-12-29,8ca18692-15d5-4776-8dd8-1c5a2ec87383,Offline,Active
ACT-000222,ENT-00108,10,2025-01-22,12b94768-f0e2-48bc-8270-9babecf32791,Online,Active
ACT-000223,ENT-00109,10,2025-07-31,d3fbc6e6-2b13-411e-8db1-7dfe22200833,Offline,Active
ACT-000224,ENT-00110,9,2025-05-15,6f391038-abe3-4d15-9373-31cf639d2755,Online,Active
ACT-000225,ENT-00110,6,2025-02-24,212baeaa-b896-4ff9-add7-d6fea3a47954,Manual,Active
ACT-000226,ENT-00111,3,2025-02-04,78d42f82-993d-49f2-b66b-7de56323f072,Online,Expired
ACT-000227,ENT-00111,2,2025-06-16,d7b369f9-a984-41bd-933a-8701ec657032,Manual,Active
ACT-000228,ENT-00112,6,2024-12-20,5a4d76b9-1e6f-453a-83b4-7491c9bd12b2,Online,Active
ACT-000229,ENT-00112,1,2025-03-07,7c16bb70-b3fa-4776-b43a-b0a1287ef74d,Online,Active
ACT-000230,ENT-00112,2,2025-03-15,8d0c4c4f-f58e-49a5-8859-6b41a93479e7,Manual,Active
ACT-000231,ENT-00113,4,2025-05-27,85ed91cf-25e8-416f-aa12-49f225e9ac84,Offline,Active
ACT-000232,ENT-00113,2,2025-07-16,72ba2f8e-b5da-4e86-a87a-3efa1c910855,Offline,Active
ACT-000233,ENT-00114,10,2025-06-14,147a5bf1-e7c7-4ed4-bb6e-771f7d15f37c,Online,Active
ACT-000234,ENT-00114,10,2023-11-06,e394253e-b7ca-4cb6-a374-367c59ce6f57,Online,Expired
ACT-000235,ENT-00115,7,2024-08-30,4bdec563-9d2e-48c9-b958-ea74f4af71dd,Manual,Active
ACT-000236,ENT-00115,6,2024-04-26,7e13641c-a3c6-4622-844b-84521f560cc5,Offline,Active
ACT-000237,ENT-00115,1,2025-05-09,3721245e-75e9-4d94-9c40-997332cd7d58,Online,Deactivated
ACT-000238,ENT-00116,5,2025-03-10,b84d8210-555e-4e69-b50f-a5e2384a5680,Manual,Active
ACT-000239,ENT-00116,8,2025-05-23,3e74132c-09c1-4ebb-a34e-679b1c282c8b,Manual,Deactivated
ACT-000240,ENT-00116,8,2025-03-26,9fc9563c-0c43-4812-b70b-4d390f23b09b,Online,Active
ACT-000241,ENT-00117,6,2024-01-01,6bab076e-56fe-4843-b32f-4d38ff286852,Manual,Active
ACT-000242,ENT-00118,7,2025-05-30,898697cd-de41-444d-bbfc-5a7c5a8ae444,Manual,Deactivated
ACT-000243,ENT-00118,7,2025-05-01,5a095e1e-9359-46fc-a70a-97fe0cda5bec,Manual,Deactivated
ACT-000244,ENT-00118,3,2025-07-20,7a218b06-fc87-4c6b-98e7-b6c4a8d616dd,Online,Deactivated
ACT-000245,ENT-00119,10,2025-04-12,c3301567-55c1-4dfa-80aa-371d7fe99130,Online,Active
ACT-000246,ENT-00119,7,2024-11-19,be62feab-85a0-4437-8070-b51d928bf4cf,Online,Expired
ACT-000247,ENT-00119,2,2024-12-25,9f07b308-5f18-41a9-aaf6-06be1ac646ab,Manual,Expired
ACT-000248,ENT-00120,3,2024-12-08,32927431-b16c-434f-8558-792e5b497080,Online,Active
ACT-000249,ENT-00120,2,2024-05-11,1bed5179-195b-4999-b558-37903d7c7541,Manual,Active
ACT-000250,ENT-00120,6,2025-03-30,b347a5c2-f822-4a77-944a-ddae24e8358d,Online,Active
ACT-000251,ENT-00121,2,2025-01-23,effed916-b150-44a7-bf6e-42f92a109022,Manual,Expired
ACT-000252,ENT-00122,3,2024-12-21,febb9962-a0ff-47c7-bd2e-7cbf02a6e0e7,Manual,Active
ACT-000253,ENT-00122,7,2024-08-25,07444911-05bc-4262-9226-4ac58f38860c,Offline,Active
ACT-000254,ENT-00123,2,2025-03-19,22319ac6-d8cf-41af-97a2-8bb9047a8112,Manual,Active
ACT-000255,ENT-00123,4,2024-10-05,76eb657d-dacb-4ebe-8f10-1b099516dd63,Online,Active
ACT-000256,ENT-00123,3,2024-08-15,64fccce1-f5ba-405f-a81e-e8b76568c10a,Online,Active
ACT-000257,ENT-00124,2,2024-04-07,e4668414-164d-4e2f-97f1-b611991b473c,Manual,Active
ACT-000258,ENT-00124,2,2024-03-14,7b632886-737a-43ee-a913-bd97137ad1dc,Manual,Expired
ACT-000259,ENT-00125,2,2024-02-18,c893d3fe-997c-4856-b185-2dcb2b4b0ca1,Online,Active
ACT-000260,ENT-00126,6,2024-08-11,349048e7-a373-40d4-9f0b-2bea6a2c2adb,Online,Active
ACT-000261,ENT-00126,5,2025-03-08,ba6c1daa-5550-486a-bba3-b0802e271c86,Online,Active
ACT-000262,ENT-00127,3,2025-06-06,965ccf63-96fe-4db0-9351-3f64c675c2e4,Offline,Active
ACT-000263,ENT-00128,3,2024-08-08,368ac5e1-71fb-4ab6-b5bc-f9593883a8b4,Online,Active
ACT-000264,ENT-00129,8,2024-03-22,d7dcaa5e-f9fb-4ba4-843d-03ab268a951b,Offline,Active
ACT-000265,ENT-00129,9,2024-10-28,749fbe85-245a-4fb0-804c-f4e7c2a214f5,Offline,Active
ACT-000266,ENT-00130,9,2024-07-09,0ebdd7d2-cec4-4616-be5a-2572f1320e9d,Online,Expired
ACT-000267,ENT-00130,7,2025-04-17,255564bf-ddbd-422e-92e3-5aef2dc4e681,Offline,Active
ACT-000268,ENT-00130,2,2025-06-07,edb17d06-6509-4915-9893-c60e05cff00d,Manual,Active
ACT-000269,ENT-00131,2,2025-01-22,f54c5db7-b624-4fcb-957e-0497ca61b046,Manual,Active
ACT-000270,ENT-00132,9,2025-02-04,408e7901-2c0d-413b-b4d6-97d8da17f735,Offline,Active
ACT-000271,ENT-00132,2,2025-02-13,e190c58a-968c-47e3-b1e6-6f6d93ec9785,Manual,Expired
ACT-000272,ENT-00133,10,2025-07-31,f17b2b56-f2dd-4b47-9f24-8c2164947dc5,Online,Active
ACT-000273,ENT-00133,6,2025-07-31,0ecfe3fb-d3a2-4efa-8551-7e6b32ca8060,Manual,Active
ACT-000274,ENT-00133,7,2025-08-01,1b51a3ba-3457-46e4-90b8-9c0450116d63,Online,Active
ACT-000275,ENT-00134,5,2024-12-21,65315623-75d8-4ec2-8023-0adff067012d,Manual,Active
ACT-000276,ENT-00135,7,2025-03-30,3525c7cb-df6d-4b9f-bcb5-41cde449be07,Manual,Active
ACT-000277,ENT-00135,2,2024-10-29,2c56143d-d15e-4cb4-9a74-ee333e46cc61,Online,Active
ACT-000278,ENT-00136,9,2025-07-15,dd2afb4a-ab9e-4778-831f-65b5494fc036,Offline,Active
ACT-000279,ENT-00136,4,2025-06-27,574d0919-0840-4a29-86c4-22e88843d50c,Offline,Active
ACT-000280,ENT-00136,10,2025-06-08,b20f0779-cfcb-472d-9727-459b8e9e378c,Manual,Active
ACT-000281,ENT-00137,3,2025-06-25,7e3ae632-9fc0-43c0-b7bc-4f8b0ea6f13f,Offline,Deactivated
ACT-000282,ENT-00137,7,2025-01-07,cd096226-1c97-4b8d-89fd-a2f02bd13408,Offline,Active
ACT-000283,ENT-00137,3,2025-04-03,ff928380-f3e7-459b-99e8-51528110bdcd,Manual,Active
ACT-000284,ENT-00138,5,2025-06-07,a5d909d1-3290-42c9-8293-2a9f01751e81,Offline,Active
ACT-000285,ENT-00139,5,2025-07-24,a9612bb4-6021-4ecd-ad6d-9cbdce093082,Offline,Active
ACT-000286,ENT-00139,8,2025-07-17,9e8db363-8e8d-48e9-a563-94f9a520c62b,Online,Active
ACT-000287,ENT-00140,2,2025-02-14,6907c374-200f-4e90-b72b-1d68b913a855,Offline,Active
ACT-000288,ENT-00141,7,2024-10-19,799c3b0a-7495-4647-84e3-93253d5897d0,Manual,Active
ACT-000289,ENT-00142,7,2025-01-28,a5c33c41-ba64-49fb-9d88-2c12a29ebe7e,Online,Active
ACT-000290,ENT-00142,5,2025-06-25,4bbbb627-63a4-44e9-ab6c-9104af3a13f6,Offline,Active
ACT-000291,ENT-00143,2,2023-10-31,94817024-5fb3-476b-8267-adbb66d4eb04,Manual,Active
ACT-000292,ENT-00143,6,2025-02-21,db835953-f0d5-4c65-8786-b7d6062ecf69,Manual,Deactivated
ACT-000293,ENT-00144,4,2025-04-25,b7bc2fb7-7638-49b5-a0fa-c0236b944a7c,Offline,Active
ACT-000294,ENT-00144,8,2024-09-13,c5ba2fba-421b-4874-b503-904d60bd37b0,Offline,Active
ACT-000295,ENT-00145,10,2024-06-09,26235c76-6350-4118-98fa-6c4071497da5,Offline,Active
ACT-000296,ENT-00145,4,2025-02-12,5747be63-1adb-4a05-b213-b98e4ddc765e,Offline,Active
ACT-000297,ENT-00145,8,2024-02-29,47bb4ea3-1667-44d6-811c-b817e4c38736,Online,Active
ACT-000298,ENT-00146,3,2025-04-13,f9167797-7ac7-422d-af00-4471d59ce1ca,Manual,Active
ACT-000299,ENT-00147,1,2025-06-04,99457141-fd47-41a6-a2e0-c74672349972,Online,Deactivated
ACT-000300,ENT-00147,2,2025-05-05,f529631a-2b43-4620-b8a7-6471482341f7,Manual,Deactivated
ACT-000301,ENT-00148,10,2025-05-07,e5637d85-ac8e-4241-a921-107a79993067,Offline,Active
ACT-000302,ENT-00148,7,2025-05-05,c0e43acb-6763-4cd1-977b-07fcda82149f,Online,Active
ACT-000303,ENT-00149,8,2023-12-21,f4fa5bd7-7e20-4b7c-abc0-cc3b6478ac19,Manual,Active
ACT-000304,ENT-00149,6,2023-12-03,9bc8b733-d06d-4e42-9276-4261e97eefb0,Offline,Active
ACT-000305,ENT-00150,10,2025-07-27,3cb5e1dd-4d39-42bc-92ee-9d7479cb4eff,Manual,Active
ACT-000306,ENT-00150,3,2025-07-18,fd53c067-33e0-4694-b236-1a4e9f62d675,Offline,Active
ACT-000307,ENT-00151,6,2025-03-05,8eb8f303-967b-4c1b-a70a-65c8df03dfc9,Manual,Active
ACT-000308,ENT-00151,10,2024-06-30,b80a42c1-a816-4e19-92fb-e42112b43921,Offline,Active
ACT-000309,ENT-00152,4,2025-07-16,1591664b-b871-44da-8230-fe885982e0f9,Manual,Active
ACT-000310,ENT-00152,8,2024-07-24,a9bd53f6-b5c3-42d0-a464-419f9b4e31ea,Offline,Deactivated
ACT-000311,ENT-00152,6,2024-01-23,45e0c6c3-edfe-494b-a7c2-724addca7e52,Manual,Active
ACT-000312,ENT-00153,7,2025-06-17,84a65ba5-43d6-4f25-b12b-a95c35adb54f,Offline,Expired
ACT-000313,ENT-00154,5,2025-01-22,c93e8b23-7f23-4374-be3d-af6382aa053c,Manual,Active
ACT-000314,ENT-00154,8,2025-06-16,0660a89a-0b09-44c1-8379-e53da428399b,Online,Active
ACT-000315,ENT-00155,4,2025-07-29,61e1d4f6-b239-43f5-956f-ce59fee6a4f0,Manual,Active
ACT-000316,ENT-00155,6,2025-07-31,a91efce9-70cd-4db3-84da-09a1bcfe1d67,Offline,Active
ACT-000317,ENT-00155,7,2025-06-22,a7744832-0120-4c07-ae8f-641553b7d123,Manual,Deactivated
ACT-000318,ENT-00156,7,2025-05-07,88522b36-a135-497f-9ee3-65324e1d14a6,Manual,Active
ACT-000319,ENT-00156,6,2025-05-17,dcea5047-f6ef-4958-8053-8c860020e900,Manual,Expired
ACT-000320,ENT-00157,10,2025-03-08,6e1e5bce-69ff-4c5d-83ce-5c8fe8da6e74,Online,Active
ACT-000321,ENT-00158,10,2024-08-16,1e63e052-0224-4ca8-9449-7dbf7e3c4e4e,Online,Deactivated
ACT-000322,ENT-00159,3,2025-07-08,18793024-4e3f-4003-ba65-d084574d4966,Online,Active
ACT-000323,ENT-00159,9,2025-07-05,54091318-a345-432c-bcb6-8d82db2bef49,Manual,Active
ACT-000324,ENT-00159,1,2025-07-06,32a38e22-35f7-4116-829a-e947815c2e51,Offline,Active
ACT-000325,ENT-00160,8,2025-04-04,414a0310-9a71-4385-a2d9-aeebb90480f5,Offline,Active
ACT-000326,ENT-00160,4,2024-07-02,f07e6cb2-e297-4c66-bcaf-1f1af19e8627,Online,Active
ACT-000327,ENT-00160,8,2025-06-15,1d57d9ca-7da2-4eeb-9c97-143189b37271,Manual,Active
ACT-000328,ENT-00161,1,2024-06-20,242749b3-e756-43f6-9518-c26cf24801e4,Online,Deactivated
ACT-000329,ENT-00161,2,2024-05-03,b8300910-d2dd-4cbb-83bc-56cb71b3cb21,Manual,Active
ACT-000330,ENT-00162,8,2025-07-23,af8f7c95-7e27-43f7-ba0f-a66b5d22bf3c,Offline,Expired
ACT-000331,ENT-00162,3,2025-07-15,0f96ae1c-6468-4439-b8dc-41dc1e8b13b8,Online,Deactivated
ACT-000332,ENT-00162,5,2025-07-28,ba28f297-97b3-4d2e-a495-a77f911fca4e,Offline,Active
ACT-000333,ENT-00163,5,2025-04-11,cc785051-9f7d-44eb-bb4d-d528ecf4f64c,Online,Deactivated
ACT-000334,ENT-00164,3,2024-02-28,711cf380-d948-43c9-8c76-419c6e8053e1,Offline,Active
ACT-000335,ENT-00164,7,2024-10-19,bb2cd47c-d28f-4aac-85a5-96301f667fde,Manual,Deactivated
ACT-000336,ENT-00164,7,2025-05-07,7ccaea84-4373-4b3b-bb74-d4b5713b40cf,Online,Active
ACT-000337,ENT-00165,8,2024-08-26,4ac0f110-fe85-496c-a6a8-b005c230d5a9,Offline,Active
ACT-000338,ENT-00166,8,2024-06-26,d78db255-5563-44c1-b5cb-9cc75bd6f6ac,Manual,Active
ACT-000339,ENT-00166,10,2025-03-19,b3d12867-24cc-4d0f-9532-07a82ba503ec,Offline,Active
ACT-000340,ENT-00166,7,2024-07-16,88153088-305c-4483-bc80-7f02386ccc8b,Manual,Active
ACT-000341,ENT-00167,5,2025-06-23,d46c9cc6-71a2-41ab-b819-1d867e567c2d,Manual,Active
ACT-000342,ENT-00167,6,2025-01-29,7aaf9600-9048-4438-90ba-035ccfb46d46,Online,Active
ACT-000343,ENT-00167,4,2025-02-19,c94dd6c8-0f78-4d3e-808b-c29eb53e17ec,Offline,Deactivated
ACT-000344,ENT-00168,1,2024-12-18,292e7b7d-a0ab-4f47-b318-918f278fcbc6,Manual,Active
ACT-000345,ENT-00168,6,2024-08-23,29145c8b-78a6-48fe-8c2d-33ddd223ed01,Online,Active
ACT-000346,ENT-00168,9,2024-06-18,622f055b-b6a3-4032-8c31-535b87067fac,Manual,Active
ACT-000347,ENT-00169,2,2024-03-02,fb70b7ca-6251-404b-b7a6-9494ff7d15d1,Offline,Active
ACT-000348,ENT-00169,2,2025-07-22,634f9e82-0ead-403f-90a2-b02d27c0ef49,Manual,Expired
ACT-000349,ENT-00169,4,2025-07-18,b64f9127-e9fe-41f3-b167-3c206f214f95,Online,Active
ACT-000350,ENT-00170,6,2024-08-22,a08763b3-1877-4927-83ad-91d811ef3646,Manual,Active
ACT-000351,ENT-00170,3,2024-07-29,d4b2bbfe-129c-4e4a-affb-81338a812977,Manual,Active
ACT-000352,ENT-00170,10,2025-07-27,667e2573-53d8-4247-b63a-8caf64652a4c,Manual,Active
ACT-000353,ENT-00171,10,2024-11-04,6a728827-8e30-4cc4-8a7e-61374cb7f39f,Online,Deactivated
ACT-000354,ENT-00172,7,2024-08-13,00d81198-9d9d-4e3f-8eda-948cb64ae3ea,Online,Active
ACT-000355,ENT-00172,6,2025-07-13,e06c478e-6d10-436e-82c4-daaaf0987cae,Online,Expired
ACT-000356,ENT-00172,7,2024-12-18,b7572890-342a-403a-8967-8f65cfe341da,Offline,Active
ACT-000357,ENT-00173,1,2025-07-19,23dd8fef-2329-4beb-96f3-0eb62fbd7007,Manual,Expired
ACT-000358,ENT-00174,5,2024-05-31,2e07bb12-0774-40d1-80ce-627483279caa,Offline,Active
ACT-000359,ENT-00175,9,2024-01-16,2570f967-572c-4fe1-afa1-4766178ec5c5,Manual,Deactivated
ACT-000360,ENT-00176,9,2025-07-27,4d1c617d-ca4c-41ba-b2b9-282d58c5ce9c,Manual,Deactivated
ACT-000361,ENT-00176,9,2025-06-29,462d7928-d945-42e0-81aa-9f97b1f04068,Online,Expired
ACT-000362,ENT-00176,10,2025-05-04,0a9a4ec0-88f6-43db-ad0d-98e7d9f96a18,Manual,Active
ACT-000363,ENT-00177,10,2025-06-22,fa6fca03-4b35-48af-83ea-a039b4cdacc9,Offline,Active
ACT-000364,ENT-00177,4,2024-10-12,041375dc-84c9-4026-b626-7b0112403a16,Offline,Active
ACT-000365,ENT-00177,8,2024-06-21,a568daf5-caee-4590-8477-f2abc38e5631,Manual,Active
ACT-000366,ENT-00178,7,2025-07-23,4c01e7a4-76bd-475f-92dd-20ef41e5edb2,Online,Active
ACT-000367,ENT-00178,8,2025-04-19,666b4ee6-ef76-45de-8986-1f16d55c11b8,Offline,Active
ACT-000368,ENT-00179,10,2025-01-16,3c0d5d48-5719-483b-8394-d4de22bf040e,Manual,Active
ACT-000369,ENT-00179,9,2024-12-27,fe9c4eb8-8afa-4832-bc6a-db51d81b87de,Online,Active
ACT-000370,ENT-00179,3,2025-03-12,b31bface-9a36-4b2e-8bd1-ad1ba91d23d2,Online,Active
ACT-000371,ENT-00180,1,2023-12-20,a23ef914-dad9-4456-841c-f8a8fa98d8e5,Manual,Active
ACT-000372,ENT-00180,8,2024-05-01,09182442-c54b-4df2-a116-19b853b09267,Online,Active
ACT-000373,ENT-00181,5,2025-06-17,cc140439-4bd8-4100-8547-4b738082b912,Offline,Active
ACT-000374,ENT-00182,2,2025-04-26,c8cccb5c-dbd4-490c-82c6-16e42a7f7e4d,Online,Active
ACT-000375,ENT-00182,2,2025-07-07,9d2dc494-72b6-41ab-89c5-86ed9c9c7b69,Manual,Active
ACT-000376,ENT-00183,2,2024-11-10,844c0731-9e20-4554-b247-0e49d1bd1660,Online,Deactivated
ACT-000377,ENT-00184,2,2025-03-04,90a05f1d-ed9f-4e1a-b11f-e6340979213f,Offline,Expired
ACT-000378,ENT-00184,2,2025-03-14,d64efc73-f00b-4a0f-9a3a-21fe7f54b95e,Offline,Expired
ACT-000379,ENT-00185,9,2025-04-03,0e5f8658-c784-47f9-a4f0-bdb6161645c5,Offline,Deactivated
ACT-000380,ENT-00186,6,2023-11-15,97b8cafb-b75f-4828-b59b-426877cc47bc,Online,Active
ACT-000381,ENT-00186,8,2024-05-04,5e4dcf04-af39-4352-87ed-824490026301,Online,Active
ACT-000382,ENT-00187,8,2025-07-31,63d4fd7f-8221-43fa-8e0d-f0915155d51b,Manual,Active
ACT-000383,ENT-00188,8,2024-09-23,620abd04-99d3-48e5-9b16-71f03eea4ca5,Manual,Active
ACT-000384,ENT-00188,6,2025-07-07,f7e25093-f116-4322-96b3-da815ba6465c,Manual,Active
ACT-000385,ENT-00188,2,2024-11-17,8827ba2f-ad72-4dea-a0ad-15e98f15174c,Offline,Active
ACT-000386,ENT-00189,1,2025-06-13,1d3ff9e5-9918-4092-852b-86b5487e54b2,Manual,Active
ACT-000387,ENT-00189,2,2025-06-18,455fe984-89d0-4cb4-a342-95c9a23fab93,Manual,Active
ACT-000388,ENT-00190,6,2025-03-13,5b064402-47f4-4db9-95fb-8811843c9642,Offline,Active
ACT-000389,ENT-00191,2,2025-01-14,437e3794-32b7-4efa-9061-bdc4ba8f5016,Online,Active
ACT-000390,ENT-00191,3,2025-05-14,e7a71234-7188-4640-9e76-b3c2095441d0,Offline,Active
ACT-000391,ENT-00191,4,2025-04-14,52d80522-dd3f-446d-b43f-760919016fe2,Online,Active
ACT-000392,ENT-00192,3,2024-09-06,06091af7-d437-4040-81fc-808988f80c38,Online,Active
ACT-000393,ENT-00192,9,2024-04-08,cccc2349-c4d5-4c7b-8abe-299640d3701e,Online,Active
ACT-000394,ENT-00192,3,2025-02-18,47f6abed-6633-472f-9a41-bdf2dc2316d2,Manual,Deactivated
ACT-000395,ENT-00193,9,2024-06-24,85260c37-9acb-4521-99ee-f7542324e46f,Manual,Active
ACT-000396,ENT-00193,7,2023-11-29,3cea2381-1b74-4a24-921d-5b3b37fa8fb8,Online,Active
ACT-000397,ENT-00194,4,2025-05-11,d73f89bc-19b7-4dad-b6ed-81ad8c7d3f3d,Online,Active
ACT-000398,ENT-00194,7,2025-07-04,d3a10436-3ee1-4d3e-9ea9-daf39364ec42,Manual,Active
ACT-000399,ENT-00195,3,2025-06-05,74f8f952-23a3-447b-b266-e06a1d0bebf4,Online,Active
ACT-000400,ENT-00195,3,2024-08-31,9fbe4e6b-2726-4b4c-aca7-59fc298e80e3,Online,Active
ACT-000401,ENT-00195,7,2024-10-25,415a88db-caa9-4366-8d88-9770ea83387f,Manual,Active
ACT-000402,ENT-00196,1,2024-06-30,431496e7-845a-46c2-a56b-5abe957f2e15,Manual,Deactivated
ACT-000403,ENT-00196,10,2025-05-05,07432a02-2357-4c6a-aaa0-df896e69aa94,Online,Deactivated
ACT-000404,ENT-00197,8,2024-11-23,a5e440e1-2e00-4fff-b437-412004534d38,Manual,Active
ACT-000405,ENT-00198,7,2024-10-06,7b0e508f-319d-47fd-a8b3-bc3ba2d8653c,Online,Active
ACT-000406,ENT-00198,7,2024-10-03,c804f20f-f11f-47e0-9aea-5d1e3d0a3edc,Offline,Active
ACT-000407,ENT-00198,1,2025-04-05,57869882-9b7d-4759-9d55-2d19539427c6,Online,Active
ACT-000408,ENT-00199,4,2025-05-30,02f78158-1a6c-456f-863e-84061bcf59e9,Offline,Active
ACT-000409,ENT-00199,4,2025-04-17,82a73aa2-ebac-4748-ad4f-34e5d8e2acf2,Offline,Deactivated
ACT-000410,ENT-00199,5,2025-03-23,4fba5b22-965c-4d40-a3c2-7c1e60455fcd,Online,Active
ACT-000411,ENT-00200,2,2024-05-19,fdba76b5-3578-4027-9a7a-e36018486272,Online,Deactivated
ACT-000412,ENT-00200,10,2024-05-23,8dd3e342-8a78-4720-8b32-5728153c5ced,Online,Active
ACT-000413,ENT-00200,2,2025-06-21,265c29a8-156a-412e-9d0c-2798488f4eb3,Manual,Active
ACT-000414,ENT-00201,3,2025-03-20,845306ec-a80c-4872-b033-6e816f61bb44,Manual,Active
ACT-000415,ENT-00201,6,2024-06-13,41cebf02-27ad-4e6c-9f09-dea2d4d1230d,Manual,Deactivated
ACT-000416,ENT-00201,6,2025-06-08,12cbb71f-1b90-4929-877c-de99ebf3de3d,Online,Deactivated
ACT-000417,ENT-00202,8,2025-03-09,831af8ed-89d9-4ba7-87bd-b10150ab2e9a,Offline,Active
ACT-000418,ENT-00203,5,2025-06-26,1c7a5afc-a193-4d46-89e3-7f25ea7abf72,Online,Active
ACT-000419,ENT-00204,8,2025-05-07,f684a4e6-ed30-4348-8134-de7fa131ce43,Manual,Active
ACT-000420,ENT-00204,9,2025-05-06,40baa13a-9187-443e-ac02-e3b58884ee58,Manual,Deactivated
ACT-000421,ENT-00204,6,2025-03-11,ebf6592b-8e92-465b-9df6-5b6c161bb965,Online,Deactivated
ACT-000422,ENT-00205,7,2025-05-11,634dcd21-106f-4428-bd51-21ccfda401ae,Online,Active
ACT-000423,ENT-00205,10,2025-07-19,d9b05049-8ea8-4f6f-8626-f3cecbc0faee,Offline,Active
ACT-000424,ENT-00205,7,2025-04-07,7d5b05ae-505f-4cdf-917b-965ea10efdc0,Online,Active
ACT-000425,ENT-00206,2,2024-12-31,39f0531a-6c86-4e5b-af7a-4df762dafcfd,Offline,Active
ACT-000426,ENT-00206,6,2024-05-23,dbc630a3-5f95-4252-98c3-415cfa8b0ef3,Online,Active
ACT-000427,ENT-00206,6,2024-10-06,a2d848c5-639b-4c2b-a86f-3d221ff9c099,Online,Active
ACT-000428,ENT-00207,10,2024-11-12,20341703-ff28-4bd3-8c87-77f0d8e2060e,Online,Deactivated
ACT-000429,ENT-00207,3,2024-02-05,978d0bcb-bc9d-483a-9498-6654e9b800f9,Offline,Active
ACT-000430,ENT-00208,5,2025-07-24,01665297-7a09-4b47-9d25-7fe95af18b5b,Manual,Expired
ACT-000431,ENT-00208,10,2025-06-30,a157622f-2b7c-4689-8295-0a75c4090251,Online,Active
ACT-000432,ENT-00208,10,2025-08-01,aab8259b-2de3-4822-90d2-2f49357dcd47,Online,Active
ACT-000433,ENT-00209,3,2025-07-31,23b89ca1-6df3-4267-8c2d-311df20df0df,Online,Active
ACT-000434,ENT-00210,2,2024-09-21,f8ebf446-eaa7-4bb9-9a44-9d39cd093efc,Online,Active
ACT-000435,ENT-00210,4,2024-10-11,8908224a-fb23-4711-b9ce-f29a788b5cfc,Offline,Active
ACT-000436,ENT-00211,1,2024-03-17,0558aaa5-222a-4302-8953-5180da6e43d4,Offline,Active
ACT-000437,ENT-00211,2,2023-12-01,68806160-83bd-469d-b989-55c3014b0551,Offline,Active
ACT-000438,ENT-00212,3,2024-11-19,030baf24-b011-4213-9c90-82d5d2d81246,Manual,Active
ACT-000439,ENT-00212,9,2025-07-14,d478e798-8c61-4141-8185-b1ce64d99126,Online,Active
ACT-000440,ENT-00213,7,2025-04-10,cf5ae88d-3b97-459f-ac39-474a7858556d,Online,Active
ACT-000441,ENT-00213,10,2025-06-10,eacc5b60-325b-4e2c-ae6b-07a260d97cf8,Offline,Active
ACT-000442,ENT-00214,10,2025-01-17,2b8da3a3-4609-4d9c-870d-f6e2773a8972,Manual,Active
ACT-000443,ENT-00215,7,2025-01-22,ab9c5ce1-46fc-42a5-8e1e-5f9b3fe58760,Manual,Active
ACT-000444,ENT-00215,3,2025-01-04,77d92587-a14d-4bb0-bde4-9d80cc8774ce,Online,Active
ACT-000445,ENT-00216,9,2025-03-17,7962af87-a07e-46e0-815a-1ddf0105ce93,Manual,Deactivated
ACT-000446,ENT-00216,3,2025-02-27,d85fc84a-ea22-4537-9f44-53c77ed2bc5c,Offline,Active
ACT-000447,ENT-00217,3,2025-04-15,4544515c-6637-4c98-b0b9-c4ffc269f625,Manual,Active
ACT-000448,ENT-00217,8,2025-07-08,b47a67b5-1c63-472b-a50a-1994c0417d5b,Offline,Active
ACT-000449,ENT-00217,5,2024-04-04,3d1d9ea1-304c-4019-b66c-add23b6d82e6,Offline,Active
ACT-000450,ENT-00218,3,2025-07-24,585e0b48-e99e-4f66-b265-8c67ba3b63ae,Offline,Deactivated
ACT-000451,ENT-00219,8,2025-04-04,29e2b754-2470-4146-a1f1-53709cbb3033,Manual,Active
ACT-000452,ENT-00219,10,2025-02-05,eee30a2b-10cd-4e77-9dff-b84f2ecba81b,Manual,Active
ACT-000453,ENT-00220,6,2025-05-11,670d5e49-d922-4797-ac77-f8da12be43ae,Manual,Active
ACT-000454,ENT-00221,8,2025-02-21,bd799ae7-40d2-41ac-8ec3-57c8e5b3a177,Offline,Active
ACT-000455,ENT-00222,4,2025-07-10,a44ca0b2-05a3-4253-9e3f-3a7b2101b7f2,Manual,Active
ACT-000456,ENT-00223,9,2025-02-05,2e2e5949-ec1c-4b0a-b65d-736a27711e18,Online,Active
ACT-000457,ENT-00223,9,2024-02-21,c122155b-16f5-4d45-9470-0fda200f193a,Offline,Active
ACT-000458,ENT-00224,8,2025-06-18,ab77ef9d-ab98-4c16-b812-534373fc1d91,Manual,Deactivated
ACT-000459,ENT-00224,7,2025-07-17,b8d8f2b8-3f22-4489-a9c9-856f497f2002,Offline,Active
ACT-000460,ENT-00224,8,2025-02-09,0b5df0d4-b49d-4a71-9888-0719a4e97423,Online,Active
ACT-000461,ENT-00225,8,2025-07-21,54e61877-8fb7-40da-9774-fb12fb978b27,Online,Active
ACT-000462,ENT-00225,8,2025-05-27,4e522b6d-b885-47fd-9db2-ec13ccd0c928,Manual,Active
ACT-000463,ENT-00226,2,2025-06-08,738158c9-4e59-47a8-978f-13e554976321,Offline,Active
ACT-000464,ENT-00227,1,2025-03-12,b692e178-600a-40f7-b0a5-155a0b41f579,Manual,Active
ACT-000465,ENT-00227,4,2024-01-24,73e38659-bcf2-4874-a0fb-43645579df15,Online,Active
ACT-000466,ENT-00227,5,2024-05-29,e2677bf7-89f8-46c6-8d24-8195fc5f3a25,Manual,Deactivated
ACT-000467,ENT-00228,5,2025-07-04,241fd248-af37-4804-a72e-aa00c4631a99,Online,Deactivated
ACT-000468,ENT-00229,3,2024-11-24,e1cb7dea-6058-4407-b732-47e80ac7995e,Manual,Active
ACT-000469,ENT-00230,3,2025-04-21,2ea9659a-2b5e-4f06-aaa0-56d87fed6ba3,Manual,Active
ACT-000470,ENT-00230,8,2025-06-23,32d4eea6-bbcd-4fc1-91f9-0c9258b7104d,Offline,Active
ACT-000471,ENT-00231,8,2025-01-31,b7dd0daa-814e-4b05-aede-6a14ecdea1ec,Online,Active
ACT-000472,ENT-00231,9,2025-06-29,e4e6bf6b-d223-4d7b-8e3e-d17b18fb969a,Online,Active
ACT-000473,ENT-00231,9,2025-04-01,6e069363-8606-4eb7-860f-6f07f9526605,Offline,Active
ACT-000474,ENT-00232,10,2025-04-12,d42187f4-bba1-4e55-96c1-49c3fe627954,Offline,Active
ACT-000475,ENT-00233,5,2024-07-05,2006b460-abf3-4e5d-a133-e92172dfaf90,Online,Active
ACT-000476,ENT-00234,6,2025-06-02,772e63ec-8be5-46a0-ad00-a02ce0dc58ec,Manual,Active
ACT-000477,ENT-00234,9,2025-06-12,651d820b-8ccc-4a48-986e-9644dc6b5b7a,Offline,Deactivated
ACT-000478,ENT-00234,1,2025-05-07,4769bc45-ef7f-4a43-a819-07c91ab62b28,Offline,Active
ACT-000479,ENT-00235,8,2025-04-21,0918eaf8-308a-4119-8646-21b095435d89,Offline,Active
ACT-000480,ENT-00235,9,2024-07-31,8cbb09cd-14c3-452e-8839-58fd23fea85e,Online,Active
ACT-000481,ENT-00235,4,2024-12-03,78534269-2852-4c72-948a-f6a8e500392c,Offline,Active
ACT-000482,ENT-00236,2,2025-04-22,fc9e5818-1cc8-4ba4-9a4b-3e32ddb0feb1,Manual,Active
ACT-000483,ENT-00236,4,2025-06-09,6e59fd6f-a0e9-4c21-8c8f-d657e89fbad7,Manual,Active
ACT-000484,ENT-00237,1,2023-12-08,0b9124ba-a8c2-41bf-b039-0e394114df98,Manual,Active
ACT-000485,ENT-00237,8,2024-06-22,b75d8825-8eda-4d4e-9ac5-bb5a02995530,Online,Active
ACT-000486,ENT-00238,6,2025-02-18,4477a75a-3f3a-4880-bdad-e89801d5e923,Offline,Active
ACT-000487,ENT-00238,2,2025-07-21,e14161d5-8c6f-42f2-8876-a5a614cf51bd,Online,Expired
ACT-000488,ENT-00239,2,2025-02-02,e45a836c-fb30-47a3-90e5-77dc8ebe12f9,Offline,Active
ACT-000489,ENT-00239,4,2024-11-01,9167ee4b-7f36-427b-bdc2-9ae6a744e61e,Online,Active
ACT-000490,ENT-00240,10,2025-02-13,dcab5b92-cc61-47fc-8695-437d8c50ca17,Manual,Active
ACT-000491,ENT-00241,6,2025-04-01,26107832-4736-4313-9d2c-5dfaee30265c,Offline,Active
ACT-000492,ENT-00241,10,2024-11-02,5bd36197-5fa4-438c-b6c1-da0705bdf1d4,Manual,Active
ACT-000493,ENT-00241,7,2025-06-29,4a64780f-99f9-4531-a3ec-72affde911bb,Online,Active
ACT-000494,ENT-00242,10,2024-09-27,d4f4a2b7-466f-418f-8026-3192efbad2f7,Manual,Active
ACT-000495,ENT-00243,4,2025-01-05,d4f5df56-347a-44dc-9ccf-99a2acd38fb5,Manual,Active
ACT-000496,ENT-00244,1,2025-03-27,64b6f8fe-5d44-4df0-9561-4106483c72b8,Manual,Active
ACT-000497,ENT-00245,6,2025-04-28,f7bfb485-0628-40e3-9956-b2d198e95618,Offline,Active
ACT-000498,ENT-00245,9,2025-05-19,ba2e8ad5-5c17-4d79-9d5f-8753390030e9,Manual,Active
ACT-000499,ENT-00245,5,2025-05-18,9b64bc20-2264-4625-b8fa-d6283769f358,Manual,Active
ACT-000500,ENT-00246,9,2025-07-30,aa80fe25-da5c-4337-a2e2-70f287cf1c7b,Online,Active
ACT-000501,ENT-00246,3,2025-08-01,bafb924e-3b68-418a-8f08-05dcef7184e3,Offline,Active
ACT-000502,ENT-00246,6,2025-07-31,eb1cb43a-a15e-4c0f-963a-6e1279713b1f,Manual,Active
ACT-000503,ENT-00247,5,2024-04-11,2c3c863d-640b-484c-bed6-5b8d3ee90e73,Online,Active
ACT-000504,ENT-00247,5,2023-10-20,5279a3fc-69c7-4324-98a4-830e94490ab8,Offline,Active
ACT-000505,ENT-00247,10,2025-06-21,7fdf29de-839d-4c8e-9197-056741070747,Manual,Active
ACT-000506,ENT-00248,9,2024-05-10,81050d67-7a58-45da-85dc-6ecaacbf3ab9,Online,Active
ACT-000507,ENT-00248,2,2024-04-21,f8283383-0cbf-4496-9526-a1717dfdacd9,Manual,Active
ACT-000508,ENT-00249,7,2025-03-16,116dc0aa-b09f-4a6d-9c9a-bd915a47c1a1,Offline,Active
ACT-000509,ENT-00250,5,2025-01-06,264271ce-d021-43cd-9133-75c0ac59b55a,Offline,Active
ACT-000510,ENT-00251,3,2025-03-13,bfe1d889-c0a9-4f68-902a-f4a64a361acd,Manual,Active
ACT-000511,ENT-00251,3,2025-04-28,3a397a11-fde0-4f7d-969b-c281cb76e5d8,Offline,Active
ACT-000512,ENT-00251,4,2025-04-27,27b11c3a-07bb-4fcf-b27d-373520fe210e,Manual,Active
ACT-000513,ENT-00252,6,2025-07-25,f667216a-d48d-4444-9ac7-90405adf0d40,Manual,Active
ACT-000514,ENT-00253,7,2025-07-08,2c21ded6-eff9-43f6-a6c2-5e9e28da0685,Manual,Active
ACT-000515,ENT-00254,3,2024-08-30,bbb06644-df08-4958-b327-66e168f76bf0,Online,Active
ACT-000516,ENT-00254,10,2024-12-23,3771a4f4-c247-4eb1-a32e-8f57841d39cb,Manual,Active
ACT-000517,ENT-00255,5,2025-06-19,71037a74-bf2b-433e-b276-0d4b0615b60a,Offline,Active
ACT-000518,ENT-00255,7,2025-05-22,a1ceda03-31a3-464f-96e5-5f659fc6a239,Offline,Active
ACT-000519,ENT-00255,7,2025-07-16,973bdcde-c569-428f-92eb-052d0dc39bac,Online,Expired
ACT-000520,ENT-00256,2,2025-06-20,0aaabafb-be9c-4ed5-b61a-bbb3c0012509,Online,Active
ACT-000521,ENT-00256,2,2025-07-01,ec20d893-c3e8-49ef-8ecc-2b64bb3a6e03,Online,Active
ACT-000522,ENT-00257,9,2025-06-27,799e3043-ac8b-44f6-87b4-896280637c5c,Offline,Active
ACT-000523,ENT-00257,5,2025-07-24,1124bf36-af7f-48e9-a4d1-a3a3a1c8a65d,Manual,Active
ACT-000524,ENT-00258,6,2024-06-30,fc10c8a8-bfe5-42e5-b9d5-1f0e11a756cc,Offline,Active
ACT-000525,ENT-00258,8,2024-02-27,37eb6c66-9020-424b-ac5e-9bdd727f20b3,Manual,Deactivated
ACT-000526,ENT-00258,8,2024-03-14,a3e2a0a6-830e-4641-9f01-864a4a247733,Offline,Active
ACT-000527,ENT-00259,10,2025-07-23,554bf0ca-ea1f-409a-812a-e193d3d6183e,Manual,Active
ACT-000528,ENT-00259,1,2025-05-26,0d2629e3-d43d-447e-b3e2-d84b8d914546,Online,Active
ACT-000529,ENT-00260,2,2025-03-23,4586a195-5dce-4a04-90d7-316363460ce9,Online,Active
ACT-000530,ENT-00260,8,2025-01-11,936dc77e-a5a2-4612-b41f-cfcba6ebe96b,Offline,Active
ACT-000531,ENT-00260,6,2025-01-11,1ca79eab-f125-41d1-af28-b136a81e9695,Offline,Active
ACT-000532,ENT-00261,9,2024-02-04,b3d8beb0-f61e-4c00-9051-9c9b371c9bc9,Online,Active
ACT-000533,ENT-00262,4,2025-07-28,09509dcc-d7fb-4305-822a-4048c80080d7,Online,Active
ACT-000534,ENT-00262,7,2025-06-11,2831193b-f1da-4bde-8b0a-c30be81b0f3f,Manual,Active
ACT-000535,ENT-00263,8,2025-03-29,405d348b-0f9a-418c-bb0c-0b21360e0ed0,Online,Active
ACT-000536,ENT-00264,2,2025-05-24,57e60981-48c8-4771-bc33-6df9edc6e195,Online,Active
ACT-000537,ENT-00264,2,2025-04-16,17103b03-351b-4850-9a1c-3c186ab48eba,Online,Active
ACT-000538,ENT-00265,9,2025-07-15,550e63a7-7a5c-449c-b049-6183772194a5,Offline,Active
ACT-000539,ENT-00265,10,2025-02-18,86f647b8-17a4-404b-9b1b-448ad76ff402,Online,Active
ACT-000540,ENT-00266,10,2024-10-09,458de6f9-63bc-4919-ab17-7be813cd141c,Manual,Active
ACT-000541,ENT-00267,6,2025-05-14,8b629cbe-248e-4520-b301-1b9486414eb1,Online,Active
ACT-000542,ENT-00267,1,2025-05-20,534da3fb-f3d2-46d2-91c1-95e38170513d,Offline,Active
ACT-000543,ENT-00268,2,2024-09-05,e5f6d081-fc64-475e-b9cf-808fe44e9e9b,Manual,Active
ACT-000544,ENT-00269,8,2024-11-25,02935cda-f230-4098-ad6c-684f469913fc,Manual,Expired
ACT-000545,ENT-00269,1,2024-03-30,f6857b5b-6db6-4f8a-9cf8-9d4ea2a690f1,Manual,Active
ACT-000546,ENT-00269,2,2024-08-25,7912fb8b-4a2f-42d6-b9a7-9ad1dc074602,Offline,Active
ACT-000547,ENT-00270,4,2024-06-19,9b31ae20-1e7d-43ff-9c58-2371b966f881,Online,Active
ACT-000548,ENT-00271,1,2025-07-20,f642f34c-8d01-4ddd-81c1-a0193eac4ae2,Offline,Active
ACT-000549,ENT-00271,7,2025-02-17,c7aa8e3f-22d9-4c5b-8bc3-a3664c892347,Manual,Active
ACT-000550,ENT-00272,3,2023-10-04,96ba72ca-5cd5-4545-b147-9c85ffb88a16,Online,Deactivated
ACT-000551,ENT-00273,5,2024-02-01,85286be2-90ca-48f0-b3e0-4b3391694ff0,Offline,Active
ACT-000552,ENT-00273,3,2024-11-12,a185bad6-f081-49db-ab44-ad910ba43a37,Offline,Expired
ACT-000553,ENT-00273,5,2025-06-01,0ad0e5b4-5517-4a4a-abe2-6e1c286fd057,Manual,Active
ACT-000554,ENT-00274,6,2024-07-10,d0eac847-4a0d-4e9b-bcc1-ceb1661c1583,Online,Active
ACT-000555,ENT-00275,2,2025-06-28,1988770e-f690-4078-97fb-e78cfedfa6ca,Offline,Active
ACT-000556,ENT-00275,6,2025-05-04,789c8dea-b636-48ae-b33f-e84d28ad593f,Online,Active
ACT-000557,ENT-00276,3,2025-06-16,d81ce840-fac9-4657-ac8a-958977e2a6cf,Manual,Active
ACT-000558,ENT-00276,1,2025-07-31,8bcc1059-5cf3-4975-a0c2-b737b649cd50,Offline,Deactivated
ACT-000559,ENT-00276,7,2025-06-17,29e04474-d7dd-4f5f-98d3-6746dbf0ce0c,Offline,Active
ACT-000560,ENT-00277,5,2025-07-25,38fa9a90-180b-40e7-891f-f556f56f775e,Manual,Deactivated
ACT-000561,ENT-00277,4,2025-06-04,d44fdfef-7347-4c28-b447-6e08c318a5d4,Offline,Active
ACT-000562,ENT-00277,7,2025-07-29,5105e73e-fc1f-4ee1-831e-0da3a03e12cc,Offline,Deactivated
ACT-000563,ENT-00278,1,2025-07-31,8e95debb-b5f6-4c3c-9777-f5d8ba1e3c7c,Online,Active
ACT-000564,ENT-00278,6,2024-08-06,74e06f34-2f3a-4b2d-8b8e-d77fb17dbc19,Offline,Active
ACT-000565,ENT-00278,1,2024-05-08,301c6a6a-fab7-47fd-8688-0d558980087a,Offline,Active
ACT-000566,ENT-00279,4,2024-04-06,a5c4a69c-88ce-4345-a77f-f14e520b6a73,Manual,Active
ACT-000567,ENT-00280,2,2024-07-20,ccf4dda9-6184-4d4d-9209-4447c5cdc101,Online,Active
ACT-000568,ENT-00280,3,2024-12-12,9c0f80b7-11a7-45f2-aeaa-aab2ad5d5450,Offline,Active
ACT-000569,ENT-00281,4,2025-04-22,70c857ce-9d1a-41c2-95ea-dc1b1dcaec0e,Manual,Active
ACT-000570,ENT-00281,9,2025-07-21,d614428e-e186-4e0e-991c-22a1c39949a1,Manual,Deactivated
ACT-000571,ENT-00281,8,2025-05-19,cb3eb5b6-7efe-4331-a729-df13d1c96d80,Manual,Active
ACT-000572,ENT-00282,1,2024-09-21,6d9a57ed-11d7-477c-87b9-860c99867010,Online,Active
ACT-000573,ENT-00283,3,2025-05-10,a424299b-4204-4fcd-8578-17721dd841f3,Manual,Active
ACT-000574,ENT-00283,7,2024-12-26,b267584b-5672-412f-9f82-0e2f3169fd43,Manual,Deactivated
ACT-000575,ENT-00283,1,2025-02-10,02579879-44c7-4f2e-a8eb-cb8ea61404bc,Offline,Active
ACT-000576,ENT-00284,3,2025-07-19,e6b7078f-85e2-4feb-bd7b-310121f78fe6,Manual,Deactivated
ACT-000577,ENT-00284,8,2025-05-13,b8562018-5654-45f1-8aa5-3389a24a2789,Online,Deactivated
ACT-000578,ENT-00285,4,2025-05-28,bf6c3537-582c-4627-a609-5797b308e11b,Manual,Deactivated
ACT-000579,ENT-00286,2,2025-07-26,e26470fd-a7b5-4af3-923d-aa4976ba4c81,Manual,Deactivated
ACT-000580,ENT-00286,2,2025-05-20,b45a95f2-6583-46f7-8c52-e44d58524eb2,Manual,Active
ACT-000581,ENT-00287,6,2025-07-31,f58fd880-0a27-4494-a582-06f9a7f696da,Manual,Active
ACT-000582,ENT-00288,5,2025-07-21,8bd91785-cac4-4f59-8fa5-9adf9345db64,Online,Active
ACT-000583,ENT-00288,3,2025-06-14,1f30421f-16f6-4b05-b34e-741cc8f1b714,Offline,Active
ACT-000584,ENT-00289,3,2025-07-22,277af9a9-3742-4cce-983d-f82bd42fa683,Manual,Active
ACT-000585,ENT-00289,3,2025-05-18,4b5924a5-f58e-46c7-a76e-89bc9ca1d767,Offline,Active
ACT-000586,ENT-00290,9,2024-12-19,c4a5f810-7a8c-4b7f-92fa-f40d1d71f54f,Online,Active
ACT-000587,ENT-00291,1,2025-02-18,666e83a5-2970-468c-bfe0-28f1a08d29f8,Online,Active
ACT-000588,ENT-00291,10,2025-03-18,75990e40-4c6d-4c71-ada3-f0593bb5dc08,Online,Active
ACT-000589,ENT-00291,3,2025-04-13,a300c918-78cb-4244-b1f3-d3afbfd136c3,Online,Deactivated
ACT-000590,ENT-00292,6,2024-10-06,47dfd5fb-b0db-4f8f-85ec-6c2696fbe20a,Offline,Active
ACT-000591,ENT-00292,4,2025-05-21,ef0f1ad5-7683-4c7e-aba6-9d7687b6833a,Online,Active
ACT-000592,ENT-00293,3,2025-05-23,e5193daa-1f9c-4b3f-bfa7-16b42a91b6c6,Online,Active
ACT-000593,ENT-00293,7,2025-02-15,c8ebdb0f-8250-4a56-8e23-a605f10ae7a1,Manual,Active
ACT-000594,ENT-00293,10,2025-02-02,6a49ba5d-f9f7-4ba5-9966-aa84506db05b,Offline,Deactivated
ACT-000595,ENT-00294,8,2025-01-03,b26dcb4e-c127-47be-8b63-b583f06fd630,Offline,Active
ACT-000596,ENT-00294,4,2025-07-09,ec250066-8cd6-49ac-81c9-7a82f0012d71,Manual,Active
ACT-000597,ENT-00294,2,2025-01-02,bf29619a-e0fa-40eb-9fc1-06c5da4ec701,Offline,Active
ACT-000598,ENT-00295,3,2025-07-05,ca91c96c-bf58-4efa-bfb6-aa552317dbf1,Manual,Active
ACT-000599,ENT-00296,7,2025-06-08,596684bc-3258-4e15-ac10-3bd9d6532bbb,Offline,Active
ACT-000600,ENT-00297,7,2025-07-28,4414c4fb-c9c4-4e96-b183-d14a816830be,Offline,Active
ACT-000601,ENT-00297,6,2025-06-04,00f71637-8cef-449f-9f70-5fb498cd1e91,Manual,Active
ACT-000602,ENT-00298,4,2024-03-09,f58779ce-9284-432e-ad22-a229f4487b5b,Manual,Deactivated
ACT-000603,ENT-00299,2,2024-07-15,a67c666c-9e16-4063-8ed3-6c38f575d577,Offline,Active
ACT-000604,ENT-00299,4,2025-06-13,f9e570ae-192f-4b5e-80fa-3ccabc326d90,Manual,Active
ACT-000605,ENT-00300,10,2025-03-13,be029637-41df-4c57-8070-73505e66595d,Online,Active
ACT-000606,ENT-00300,10,2025-01-25,48a41e2c-1b90-425e-9b9e-09c437965477,Offline,Active
ACT-000607,ENT-00300,10,2025-06-22,35d9767c-d5a8-4593-9b89-eb4c12a9920e,Offline,Active
ACT-000608,ENT-00301,1,2025-03-28,7caf0d78-466b-440c-b2c0-33c95adb4de0,Offline,Active
ACT-000609,ENT-00301,5,2024-10-05,579e61d4-fb3a-4ba0-a97f-240acb3bd3ab,Online,Deactivated
ACT-000610,ENT-00302,9,2025-05-09,8e42b6df-3d50-4fbc-998c-21b82b999036,Offline,Active
ACT-000611,ENT-00303,9,2024-12-24,1343fb39-8714-4e03-a094-87c7b7f2d29c,Online,Deactivated
ACT-000612,ENT-00303,4,2025-02-17,e5de54d0-22ad-427a-85b1-2786be9095cc,Offline,Active
ACT-000613,ENT-00303,7,2025-04-02,e7384d16-f3f5-4b5e-b5e3-261408b7fb91,Online,Expired
ACT-000614,ENT-00304,1,2025-02-01,7b7821bf-4a4b-42c1-9579-0ff5cf08ce50,Offline,Active
ACT-000615,ENT-00304,2,2024-11-30,b6c52e2d-d75e-47c3-8a5f-81670498c2b3,Online,Active
ACT-000616,ENT-00305,4,2025-07-19,1d2194d2-2a9f-4b03-9063-d6de38880f59,Offline,Active
ACT-000617,ENT-00305,1,2025-07-23,476ced45-6c43-42ed-bea1-d925f32a2acd,Manual,Deactivated
ACT-000618,ENT-00306,8,2025-07-22,642d88a4-11fb-45c4-ad26-2c75a984ebe4,Offline,Deactivated
ACT-000619,ENT-00307,10,2025-03-19,647469b6-b814-4412-b02e-5bd34befd35a,Online,Active
ACT-000620,ENT-00307,2,2023-11-27,e20adea8-13f2-4013-b5d2-cb78275e86e3,Online,Active
ACT-000621,ENT-00307,9,2025-05-29,d0b07524-8652-48f8-a6d9-b73ad3810762,Offline,Active
ACT-000622,ENT-00308,6,2024-07-28,19c01ab9-6b29-4e71-b3d0-53429e54b380,Manual,Active
ACT-000623,ENT-00309,3,2024-05-01,2d6bd486-3d13-4fe1-9e24-71c3160f061b,Online,Active
ACT-000624,ENT-00309,7,2024-04-04,6faf6b03-80f9-447e-a0e8-4fc1a048a21e,Manual,Deactivated
ACT-000625,ENT-00310,7,2025-07-13,f15bd4cd-87bf-4886-9985-6abefaffe1bb,Offline,Active
ACT-000626,ENT-00310,6,2025-06-02,2149a55a-1958-4163-8186-f6a14412379f,Offline,Active
ACT-000627,ENT-00310,9,2025-02-07,3deb2c56-04da-42cc-9ed9-1a16dae56141,Offline,Active
ACT-000628,ENT-00311,3,2025-05-25,ad5c2d8a-9465-4510-886e-ca2433b692dc,Online,Active
ACT-000629,ENT-00311,8,2024-11-01,4b023456-9a38-41a9-a18c-ae23e827dc2e,Online,Active
ACT-000630,ENT-00311,2,2024-12-05,0c984b7d-b37a-4a76-bec4-5e8c42db623c,Offline,Active
ACT-000631,ENT-00312,10,2025-05-07,d79b0082-bb0d-405c-beb6-e84390c42575,Manual,Active
ACT-000632,ENT-00313,1,2025-06-15,2ddc33df-eb23-4d0c-8dfa-aea4b4cb3dd6,Online,Active
ACT-000633,ENT-00314,4,2025-03-30,2a6641ba-8cb8-4f09-8ca8-7145a0dd52d9,Online,Active
ACT-000634,ENT-00314,1,2025-05-29,c547e812-f8b8-4c37-ae74-55f839a993ec,Offline,Active
ACT-000635,ENT-00315,7,2025-06-02,0d029d4b-d749-48d5-b310-8b38f36ea0a5,Manual,Active
ACT-000636,ENT-00316,5,2025-02-14,f18c965b-0d4c-4934-9cd7-30e0bea01dde,Manual,Active
ACT-000637,ENT-00316,9,2025-02-03,735e0fe0-e7d8-4914-8b70-79bbcff78cd5,Offline,Expired
ACT-000638,ENT-00316,7,2025-03-07,20081fcd-d902-4298-acaf-03520d11cfb2,Manual,Active
ACT-000639,ENT-00317,7,2025-07-28,4802dad3-dd65-4b11-85ef-1c2790920074,Manual,Active
ACT-000640,ENT-00317,2,2025-07-29,7f87e56d-5e59-4c0e-9590-e5fb2643e360,Manual,Deactivated
ACT-000641,ENT-00318,9,2025-07-17,b5065f6d-f1f0-4e21-8bce-a21812b34e52,Manual,Active
ACT-000642,ENT-00318,9,2025-01-02,5eacba8f-833d-48ab-bfbc-a3447acc88de,Online,Active
ACT-000643,ENT-00318,10,2024-12-04,38485d51-c176-4fe1-83d5-756ff213cdc4,Manual,Deactivated
ACT-000644,ENT-00319,5,2025-07-27,868c2ece-8189-491d-9196-764fed8ff3d8,Offline,Expired
ACT-000645,ENT-00320,5,2025-07-19,17564de0-ff64-4f2f-b2ee-4dd5f1c3b4ff,Offline,Active
ACT-000646,ENT-00321,9,2024-07-01,413c7147-8d6f-4f9d-bf9f-e81f01e9e0f2,Offline,Active
ACT-000647,ENT-00322,3,2025-07-24,8db116e6-8f76-4f92-b479-5879999ff2fe,Manual,Active
ACT-000648,ENT-00323,6,2025-05-19,1451942e-1b1a-4237-b5af-ff98f1b1f03a,Manual,Active
ACT-000649,ENT-00323,7,2024-06-08,804dca36-0d58-4f7f-bfd7-b6f78cc5ef48,Online,Active
ACT-000650,ENT-00323,10,2024-05-03,7ff7ef03-a811-4d79-afcd-0a8b7bb2bb5a,Offline,Active
ACT-000651,ENT-00324,2,2024-12-07,1df086c3-8f82-4928-a485-b4e213fc8133,Offline,Deactivated
ACT-000652,ENT-00324,5,2023-12-27,83a6050e-3d1a-43f5-a3db-a9c42c0263fc,Manual,Active
ACT-000653,ENT-00324,7,2024-12-26,1f68adf8-3268-44b5-af63-d72abe7cf908,Manual,Active
ACT-000654,ENT-00325,4,2025-05-16,c816f656-1b76-46b8-bfe9-251e154657c0,Manual,Active
ACT-000655,ENT-00325,1,2025-01-17,633e1bf4-461a-4a40-ad25-c81516f303d2,Offline,Active
ACT-000656,ENT-00325,4,2024-10-28,0e69b1ff-4d5d-4c23-a8fb-6c83a226086c,Offline,Active
ACT-000657,ENT-00326,7,2024-06-16,9a34d1c1-f65d-413a-821d-4eccc322930b,Online,Active
ACT-000658,ENT-00327,4,2024-10-13,44b449b8-ffff-4c4a-9215-0dd6ad31cbc9,Online,Active
ACT-000659,ENT-00328,10,2025-07-29,08befafa-2393-404a-8215-8069b23c87d4,Manual,Active
ACT-000660,ENT-00328,1,2025-07-31,c83cc6ed-2a7d-4604-83b2-f58098021bd9,Manual,Expired
ACT-000661,ENT-00328,5,2025-07-15,d3811f46-2fed-4742-9e1f-c444faa45808,Offline,Active
ACT-000662,ENT-00329,3,2025-07-08,fb140599-5ed3-4793-97b8-623f3a4d635f,Offline,Deactivated
ACT-000663,ENT-00329,2,2025-01-30,4e1ae512-cef8-4717-bfc4-baa9d6ee9e74,Online,Active
ACT-000664,ENT-00329,1,2025-02-24,9ca9beba-ccee-473e-86ae-d30146ba3773,Offline,Active
ACT-000665,ENT-00330,3,2024-10-20,77b6dd25-99db-411d-a09a-1fac487201ab,Online,Active
ACT-000666,ENT-00330,1,2024-12-06,1ab1fd34-30b3-4c40-86ec-94498498e345,Offline,Active
ACT-000667,ENT-00330,3,2025-02-21,5904f8b5-78ff-4341-b84d-4d9d511e8eb0,Offline,Active
ACT-000668,ENT-00331,6,2024-12-08,4988305c-7cd5-4c50-ac44-3fd8e4c6fffc,Online,Active
ACT-000669,ENT-00331,9,2025-01-28,f24b8627-ca6b-4f88-93c0-810365ae9cc5,Offline,Active
ACT-000670,ENT-00332,5,2025-04-05,2de23168-cf2b-4ed0-ad86-5d6989b0776a,Online,Active
ACT-000671,ENT-00332,3,2024-11-10,e9b62524-b165-489f-aa6f-91a4ec00d72b,Manual,Active
ACT-000672,ENT-00332,6,2024-11-29,a2085f33-bb47-4c14-9ef3-4dee423b2f71,Online,Active
ACT-000673,ENT-00333,5,2024-03-26,91efd470-bc23-47ce-9ab8-5593a7b41150,Online,Active
ACT-000674,ENT-00334,2,2025-07-21,c91bd2fb-9e41-459b-80ee-94979315653e,Manual,Active
ACT-000675,ENT-00334,1,2024-09-27,7e057083-2dcc-41de-b001-468152da6cf6,Online,Active
ACT-000676,ENT-00334,6,2024-06-18,df2a16b6-a020-49df-bd63-b9030547f6f8,Manual,Active
ACT-000677,ENT-00335,5,2025-07-02,c8430262-0a3a-4d3c-b515-95eec1d9fd17,Online,Active
ACT-000678,ENT-00335,9,2024-12-08,b427c7b8-c9fe-4098-b870-1355f7aa472f,Offline,Active
ACT-000679,ENT-00336,5,2025-04-26,cccf0352-f82b-4566-8f00-bf17373f7838,Offline,Active
ACT-000680,ENT-00337,10,2024-05-24,ee1500bf-f967-4cd9-8e19-8d72b0d15e44,Offline,Active
ACT-000681,ENT-00337,2,2025-03-06,546570e8-85e4-451e-856d-7ddd44eb1bbb,Offline,Active
ACT-000682,ENT-00337,8,2025-07-09,4f59a8af-375c-4271-b865-ee2301f60243,Offline,Active
ACT-000683,ENT-00338,9,2024-09-16,a897b84c-7ad9-4273-a63b-14351b2106f7,Online,Deactivated
ACT-000684,ENT-00338,6,2025-05-15,c0309dd7-7373-454e-8508-58d1098b7a3b,Offline,Active
ACT-000685,ENT-00339,8,2025-04-19,64d2d084-dd1d-4526-8fb9-1f77b0bd417c,Online,Active
ACT-000686,ENT-00340,3,2025-01-19,0250bad4-0d67-456b-a29b-a7b3109f9963,Offline,Active
ACT-000687,ENT-00340,6,2025-05-20,484106e6-9499-47ab-ba58-42dd3ec30c7c,Offline,Active
ACT-000688,ENT-00340,3,2025-03-16,504677dd-6942-4ee0-b52b-64eda4649635,Online,Active
ACT-000689,ENT-00341,2,2025-06-08,8f193140-c666-4c87-aadd-636030a055b1,Offline,Active
ACT-000690,ENT-00341,10,2025-07-29,77eac77d-e618-42ca-8871-65da6454c58e,Online,Active
ACT-000691,ENT-00342,2,2024-08-01,6184f251-96ba-42b5-9ec2-8594d37664bf,Online,Active
ACT-000692,ENT-00342,4,2025-06-01,94f1819e-dc0f-4b6b-b6ab-30ad1e1083d6,Online,Expired
ACT-000693,ENT-00342,9,2025-05-18,ef831e9d-ea96-4358-a516-cb8d0d3f5b25,Online,Active
ACT-000694,ENT-00343,1,2025-01-06,ca705b1e-ebdc-49cf-99b7-d43e78b914f7,Online,Active
ACT-000695,ENT-00344,4,2025-06-04,e0a9a4e5-9562-419e-869d-f97fb9b436ab,Offline,Active
ACT-000696,ENT-00345,8,2025-01-14,5bcc7560-158b-48c4-883f-8788bb1e913a,Offline,Active
ACT-000697,ENT-00346,7,2025-04-05,ae149472-2e37-49f0-8a56-44b91552f36b,Manual,Active
ACT-000698,ENT-00346,3,2025-01-04,578c7d00-628e-4ab4-bf1f-69d1ff293a62,Manual,Active
ACT-000699,ENT-00347,1,2025-07-28,240b22cf-33b5-4832-933a-a6ccbebba4fe,Online,Active
ACT-000700,ENT-00348,7,2025-07-29,6adfc25e-f602-4b1e-b8b6-d663a2a80ef3,Manual,Deactivated
ACT-000701,ENT-00348,4,2025-07-24,71297347-af16-4e58-9d08-b3325bdf4ecd,Online,Active
ACT-000702,ENT-00348,6,2025-07-26,c0c0f220-1b1e-49d3-9abb-29cd7e82073d,Online,Active
ACT-000703,ENT-00349,7,2025-06-28,79435709-72c1-4c90-9c3d-9c7028f41943,Manual,Active
ACT-000704,ENT-00350,6,2024-04-26,f592c8be-7062-4574-85c9-fca027ab430d,Online,Active
ACT-000705,ENT-00350,5,2025-06-07,28d01fba-4c9b-4860-af7c-557de16d81eb,Manual,Active
ACT-000706,ENT-00350,2,2025-01-18,1501c5a4-3300-44e0-a5a8-98da3a48a320,Manual,Active
ACT-000707,ENT-00351,6,2023-09-15,1d68243e-6502-4eed-9866-6854d8cff954,Manual,Deactivated
ACT-000708,ENT-00351,2,2024-12-18,07e222fd-3e48-4f1b-8c94-d7fdb8f214ee,Online,Active
ACT-000709,ENT-00351,9,2024-02-26,e9b51453-d7e8-4cd1-bc09-f0752ce80ef5,Online,Active
ACT-000710,ENT-00352,1,2025-04-17,2c101fa3-2f0a-4047-9828-8e322e94f710,Offline,Deactivated
ACT-000711,ENT-00352,2,2024-11-26,0b53fa64-d720-4232-a2b9-c8d9e4e8d80a,Manual,Active
ACT-000712,ENT-00352,2,2024-11-16,6a1ba80d-9125-49cd-93c4-8814732e8bd5,Offline,Active
ACT-000713,ENT-00353,1,2025-01-16,2974e5a9-beb7-44bc-94c7-876882291e80,Online,Active
ACT-000714,ENT-00353,7,2025-01-27,ec0253db-d4ba-433f-8cbf-e63d0d67faad,Online,Active
ACT-000715,ENT-00353,2,2025-02-05,9328e0dd-5366-4775-adeb-089e3874afc7,Offline,Active
ACT-000716,ENT-00354,5,2024-02-09,b1ca39bb-b776-4499-83a5-2324092ff019,Online,Active
ACT-000717,ENT-00354,5,2025-03-06,1615a4fa-871a-45be-89fe-415b4344aa85,Online,Active
ACT-000718,ENT-00355,2,2024-09-28,852cefd5-876c-40e3-b85e-172722177ea4,Manual,Active
ACT-000719,ENT-00355,9,2025-03-28,0df84419-fbdc-4bcd-b4ef-69377d6e64b9,Online,Active
ACT-000720,ENT-00356,1,2023-11-19,2836443a-e883-48ae-8052-de92810bbb24,Offline,Active
ACT-000721,ENT-00356,6,2024-01-08,7543483f-d574-4ba3-8492-24f8054b11b4,Offline,Deactivated
ACT-000722,ENT-00357,5,2024-12-11,5ac606a6-a141-45ea-83ff-754d451c1951,Manual,Active
ACT-000723,ENT-00358,5,2024-08-04,27a6ae25-cd3f-4946-ae87-5d3a9a06c534,Manual,Deactivated
ACT-000724,ENT-00358,10,2024-07-12,709c882d-4884-4daf-a3ee-ccf08bbb495b,Online,Active
ACT-000725,ENT-00358,4,2025-01-14,dcfa01d2-d948-497c-bee7-258981244ada,Manual,Active
ACT-000726,ENT-00359,6,2024-11-20,6f6b98cd-b176-4012-973c-1693c4f24d75,Manual,Active
ACT-000727,ENT-00359,10,2025-01-04,93143b5e-0de1-415b-8708-b34dedef9537,Manual,Active
ACT-000728,ENT-00360,4,2025-01-07,fceb2591-a0ba-4a71-8424-482d0ce7a9f7,Online,Active
ACT-000729,ENT-00360,9,2025-02-18,77ee0b85-23f2-442e-ae34-5fba0c4749a1,Offline,Active
ACT-000730,ENT-00361,3,2025-05-06,01686076-9d19-4b23-a7a8-2e496abceb78,Manual,Active
ACT-000731,ENT-00362,7,2025-02-27,9f5201de-5b1d-4ee9-aa6c-e80c454e3cc7,Offline,Active
ACT-000732,ENT-00363,4,2025-06-20,8c603ec6-f8eb-43f2-806e-55e44191bb60,Online,Active
ACT-000733,ENT-00364,6,2025-02-16,469c7e42-5617-4802-b82d-a00b76264644,Manual,Active
ACT-000734,ENT-00364,1,2025-07-16,61b1b9bf-8cbf-4da4-9be7-894d050b2e58,Offline,Active
ACT-000735,ENT-00364,6,2025-05-05,508374bf-5ea6-4f58-8385-1c3263b70a20,Manual,Active
ACT-000736,ENT-00365,7,2025-03-11,b1aa1cf2-8dea-411c-9a6a-1782543a823e,Manual,Expired
ACT-000737,ENT-00366,5,2025-02-19,542ddb1c-df84-4d27-992b-f73e6cb368d5,Offline,Active
ACT-000738,ENT-00366,2,2024-04-26,4de5cd5c-f1ff-41f2-b02b-f671b3d3d944,Online,Active
ACT-000739,ENT-00366,4,2024-05-09,c25f5648-a72f-4ffe-826b-40459ab2a12e,Offline,Active
ACT-000740,ENT-00367,4,2024-11-22,5add422f-7d02-478a-8f2a-806ac8fc26ac,Offline,Active
ACT-000741,ENT-00367,7,2024-09-10,41e2113c-1449-4d3d-98db-6a1a3c3d4b2e,Online,Active
ACT-000742,ENT-00367,8,2025-05-30,29f1a6e6-0213-45c3-936d-d0023a30020e,Offline,Active
ACT-000743,ENT-00368,3,2024-08-30,c8ae3576-7ad9-42cd-8643-e59ccd21832d,Online,Active
ACT-000744,ENT-00369,5,2025-04-26,451e8cec-9704-4bf3-9ab9-0973aaa87a70,Offline,Active
ACT-000745,ENT-00369,2,2025-07-11,e80fe32a-c215-4a29-ab93-420c9ecb0684,Online,Expired
ACT-000746,ENT-00369,1,2025-03-11,d164b2eb-2c1a-44de-8f9d-0e9641f33005,Manual,Deactivated
ACT-000747,ENT-00370,7,2025-02-03,33e9c948-36c2-46ca-a01e-66fddd5c9e63,Manual,Active
ACT-000748,ENT-00371,7,2025-05-03,09b4d67e-8a88-41cd-8f77-1a4600b70cc8,Offline,Active
ACT-000749,ENT-00371,6,2025-07-12,f2c9d6cc-a73f-4343-b211-52bd7a6dab75,Manual,Deactivated
ACT-000750,ENT-00371,8,2025-06-28,975c58de-f52f-4f16-a083-c62145b5d481,Manual,Expired
ACT-000751,ENT-00372,2,2025-03-29,fee2486b-3d0e-4dfa-bf2a-f0994fca312b,Online,Active
ACT-000752,ENT-00372,10,2025-04-09,a114e89c-28ab-4332-8448-14f4c9e792ca,Offline,Active
ACT-000753,ENT-00372,2,2025-05-21,05f2f7cc-ef85-40b9-834c-8daacff18999,Online,Deactivated
ACT-000754,ENT-00373,3,2025-05-16,9be05c7a-28c6-4ce1-8c6c-19c2635f00b2,Online,Active
ACT-000755,ENT-00373,7,2025-03-11,eab8206c-10bc-4fea-858f-71d3db17e528,Offline,Active
ACT-000756,ENT-00373,2,2025-03-06,27d53e79-0867-424c-9c58-54e9b420fc25,Offline,Active
ACT-000757,ENT-00374,10,2025-04-25,8123c209-1ff9-404f-a7ce-23e96033f82c,Offline,Deactivated
ACT-000758,ENT-00374,1,2025-05-22,4f0a652f-6136-4208-ac04-d5a3e81e79f1,Offline,Deactivated
ACT-000759,ENT-00374,7,2025-01-14,b2766820-ae9f-49d9-8cd7-65de01e31cb8,Online,Active
ACT-000760,ENT-00375,3,2025-04-25,3cd030cb-5d31-4699-8d56-a1ac178ea210,Offline,Active
ACT-000761,ENT-00375,4,2025-07-23,846746e2-8612-4846-bcb3-f8a4d493f26e,Online,Active
ACT-000762,ENT-00375,5,2025-05-08,abdd0410-a135-432f-87d2-ae7ee9dd43ae,Manual,Deactivated
ACT-000763,ENT-00376,6,2025-05-04,4cc1f4df-6cf9-4e2d-87e8-68891014e607,Offline,Active
ACT-000764,ENT-00376,7,2025-07-21,e2bdb5b5-5f5e-4119-97e1-332961772d56,Offline,Deactivated
ACT-000765,ENT-00377,6,2025-02-20,9c2aa846-46ea-4ac1-b0d6-ff3d66db432f,Manual,Active
ACT-000766,ENT-00377,6,2025-01-30,d07ee62a-d415-443e-9b42-25c2eae5a743,Manual,Deactivated
ACT-000767,ENT-00377,8,2025-02-15,7c940b51-1a2f-4208-83ad-c003492c8a23,Manual,Active
ACT-000768,ENT-00378,4,2024-12-27,a2f466d4-93de-422c-973a-41223568408a,Manual,Active
ACT-000769,ENT-00378,2,2025-07-10,75bafae0-95bb-414a-9ec7-2b9760f70bee,Offline,Active
ACT-000770,ENT-00379,3,2024-10-08,ae791532-d9ae-4a2c-bb42-8cd894b491b6,Manual,Active
ACT-000771,ENT-00380,2,2025-05-12,d651ca24-e796-4c0a-aa73-c1fd7ce0ad5f,Online,Deactivated
ACT-000772,ENT-00380,3,2025-07-22,74013279-708e-4689-a4c0-8c8ffc9927a1,Online,Active
ACT-000773,ENT-00380,2,2025-03-11,44ca273a-ba68-43bc-8324-95e3f9e588eb,Online,Active
ACT-000774,ENT-00381,4,2025-01-31,e00806df-57e5-48f6-a54f-06f87d9a364c,Offline,Active
ACT-000775,ENT-00382,6,2025-05-09,926eb851-8952-4f33-ae96-47c2742a3632,Manual,Deactivated
ACT-000776,ENT-00382,7,2024-08-09,9e05939b-7103-4e7d-b0ef-946eb0ee9bc1,Manual,Active
ACT-000777,ENT-00383,9,2025-06-24,40012098-0e3a-49f6-a9a1-1aa71ab93e53,Manual,Active
ACT-000778,ENT-00384,4,2024-11-22,3a3f2c5e-ebd2-4911-8afc-4f8ce8d4babe,Offline,Active
ACT-000779,ENT-00384,8,2025-03-28,f40fd74e-4c1d-4969-a44b-695d81165e4b,Online,Active
ACT-000780,ENT-00385,8,2024-12-29,0abee87c-f01d-4de7-a7d0-17c5e3557231,Manual,Active
ACT-000781,ENT-00385,5,2025-04-01,76f5ba0b-4d28-4de7-8c33-f93e515cd6a4,Manual,Active
ACT-000782,ENT-00386,2,2024-09-10,0ca0f46e-8edb-4538-b886-3be4330b8ab2,Offline,Active
ACT-000783,ENT-00387,3,2025-07-21,ddd78fc7-d93a-4afb-8e5c-1696adfd748f,Online,Deactivated
ACT-000784,ENT-00388,10,2025-02-15,ab2b67bd-4347-4076-8ab2-5382f8c47b7f,Offline,Deactivated
ACT-000785,ENT-00388,1,2025-03-18,70e3159f-011e-43ef-8423-c6edcbccb5f3,Online,Active
ACT-000786,ENT-00389,6,2024-10-27,47e6c3d1-481f-412d-a3c5-c44e4cd6332b,Manual,Active
ACT-000787,ENT-00390,2,2024-06-29,3f6b33a5-d87d-4943-9020-a21437212a34,Online,Active
ACT-000788,ENT-00391,4,2024-07-28,41b955ef-615c-4ff5-808b-b7516b16eb11,Online,Active
ACT-000789,ENT-00391,6,2024-09-17,d128a472-2137-4e81-b947-c5fca0364bea,Manual,Active
ACT-000790,ENT-00391,7,2025-05-05,8b6ee5ed-a21f-4f2d-bd51-7eae12db06f3,Offline,Deactivated
ACT-000791,ENT-00392,1,2024-06-06,9c4a6bad-3574-4e10-b06b-5c17b1c16316,Online,Active
ACT-000792,ENT-00392,5,2024-12-10,3efca20a-90f0-4212-b6ba-0345cd2dccba,Offline,Active
ACT-000793,ENT-00392,5,2024-05-23,8faf5ad0-5530-44c0-88ce-37b21b931f45,Online,Deactivated
ACT-000794,ENT-00393,1,2025-01-29,fed3fed9-cfc2-43b5-bc09-0a3dd5e4f457,Manual,Deactivated
ACT-000795,ENT-00394,8,2025-03-30,1ea24fe5-5a1c-440a-a454-9f4491a268a5,Online,Active
ACT-000796,ENT-00394,9,2025-04-08,8d889621-6c57-4828-9a4f-d454aa2a8e9e,Manual,Active
ACT-000797,ENT-00395,9,2024-08-20,1f5e978c-f005-4cf0-80cc-e1fe57ec48f2,Offline,Active
ACT-000798,ENT-00395,4,2025-03-23,227f1d30-f9b4-49fb-ace8-20b7cd533c18,Online,Active
ACT-000799,ENT-00395,2,2024-12-11,5b119c54-3541-4c2f-b8a3-fd05926ae33a,Online,Active
ACT-000800,ENT-00396,2,2025-04-12,b4df058e-bcc5-4557-a8c4-894a4953d720,Online,Active
ACT-000801,ENT-00396,3,2025-07-04,1b2b0432-cfa3-4755-bcba-bec41f98e88c,Manual,Active
ACT-000802,ENT-00397,1,2025-05-03,3274f24b-6da2-4af2-8094-8eab4bce13c9,Manual,Deactivated
ACT-000803,ENT-00398,4,2025-02-21,39d3a184-b8e4-4d19-a15b-c2e27921ec79,Online,Active
ACT-000804,ENT-00399,4,2025-02-10,87e6b7ea-61cc-4519-9152-3ce5b42c7743,Manual,Active
ACT-000805,ENT-00400,6,2025-03-10,9be2c416-36ec-4f73-a091-844e20b1f5dd,Manual,Active
ACT-000806,ENT-00400,2,2024-05-11,bf3a837a-37d8-4988-a180-6d01b48de3db,Online,Active
ACT-000807,ENT-00401,10,2025-07-27,65295dc4-39cf-4084-bda8-e391679615d8,Manual,Active
ACT-000808,ENT-00401,5,2025-03-15,27760920-6ca1-465e-82f5-b7e00bc38f9a,Online,Deactivated
ACT-000809,ENT-00401,2,2025-06-07,964a65e9-c6c6-4053-bf4d-18dfe435334f,Offline,Active
ACT-000810,ENT-00402,2,2025-07-15,685276b0-999d-481e-820b-604aa8daccf0,Offline,Active
ACT-000811,ENT-00403,8,2025-04-27,07cd6168-6e48-4f92-87fc-be7125b6aa39,Manual,Active
ACT-000812,ENT-00404,2,2024-06-14,72a6a89a-49da-449c-b59b-3e950db203ea,Offline,Active
ACT-000813,ENT-00405,2,2025-02-25,9281a6de-8bc8-4ea8-b363-2f787ca962f3,Offline,Active
ACT-000814,ENT-00405,1,2025-01-28,b9c3dcf1-3add-4898-af98-d8e54ab08dd7,Online,Active
ACT-000815,ENT-00406,1,2024-12-25,3839fd60-6e14-47b9-8524-ca6eeaa40cca,Manual,Active
ACT-000816,ENT-00406,2,2025-04-25,b6788919-02a9-40bf-bc3e-a41e00a5c823,Offline,Active
ACT-000817,ENT-00407,7,2024-08-07,816ca1d8-04ec-4636-b3cc-df2193bed54c,Offline,Active
ACT-000818,ENT-00407,7,2024-09-17,615e4adf-dd0f-4cb4-bb41-12e5e246a0f2,Online,Active
ACT-000819,ENT-00407,8,2024-04-09,3ab75f78-0a07-4b0c-8de7-dc21264fe452,Offline,Deactivated
ACT-000820,ENT-00408,7,2025-05-13,ddbaae00-ffc2-4ad7-b2d1-42d27114cbae,Offline,Expired
ACT-000821,ENT-00409,7,2025-07-11,8661eca1-f583-4a2c-8a4c-a9f275576dd9,Offline,Deactivated
ACT-000822,ENT-00409,3,2025-08-01,c5f029ac-a2bf-45cc-9077-b9961189d34d,Manual,Active
ACT-000823,ENT-00409,6,2025-07-13,6b037a50-ab5a-494a-b41d-eac7ef939202,Manual,Active
ACT-000824,ENT-00410,3,2025-01-22,d2abfa0a-333e-4057-97a6-c3310406df71,Offline,Active
ACT-000825,ENT-00411,3,2025-01-18,6b62cc66-60eb-4944-ad63-38d94cb272d2,Offline,Deactivated
ACT-000826,ENT-00411,4,2025-06-13,33a75fae-36f2-4426-ab51-5a8cedd43e92,Offline,Active
ACT-000827,ENT-00412,1,2025-06-02,44782808-4b5c-494a-a713-3e35bfef3de8,Manual,Active
ACT-000828,ENT-00413,10,2024-03-26,fd8e2dc9-7f70-42c4-b744-1676d572a571,Offline,Active
ACT-000829,ENT-00413,10,2024-06-24,c57cd0a3-ff6c-46e7-afd0-4ea7de7f517c,Manual,Active
ACT-000830,ENT-00413,4,2024-01-21,34b5bb30-3618-4d09-9f4e-1727938e5d39,Offline,Active
ACT-000831,ENT-00414,5,2025-04-30,b895da13-a3eb-4477-903d-7b984117978a,Online,Active
ACT-000832,ENT-00414,8,2024-08-21,58746e30-0b10-48d2-8a0a-4d8b3c1f79ba,Offline,Active
ACT-000833,ENT-00414,7,2024-09-13,bbd73aaa-65ad-4405-b14e-a39665f190a2,Manual,Active
ACT-000834,ENT-00415,8,2024-10-04,02600b2e-12aa-4700-9b46-b3550ae0b649,Manual,Active
ACT-000835,ENT-00415,1,2024-12-21,ab77008c-4459-443c-b1fd-38241c032e89,Offline,Active
ACT-000836,ENT-00415,2,2024-10-17,a07d514c-d278-4109-8f64-9dc3130b9928,Manual,Deactivated
ACT-000837,ENT-00416,7,2024-05-05,17247f52-383c-4e48-838f-a09118f481e1,Online,Active
ACT-000838,ENT-00416,3,2025-05-11,fe8fc0e5-73ca-492c-9619-3c0de28fc499,Online,Active
ACT-000839,ENT-00417,4,2024-04-11,daac1a62-0c70-4070-97f3-4bd78e3a9998,Offline,Active
ACT-000840,ENT-00417,9,2025-02-04,eafc8b34-0242-4325-babc-f3a705ddeced,Online,Active
ACT-000841,ENT-00418,9,2024-08-19,424b8fa9-49ef-48ff-85d3-d6138c7ee456,Online,Active
ACT-000842,ENT-00419,7,2025-04-16,b0401306-4a71-448d-9724-fe0f2a7a613c,Manual,Active
ACT-000843,ENT-00420,3,2025-05-05,17bb3dad-00cc-4fee-80ec-ef16d7599252,Manual,Active
ACT-000844,ENT-00420,4,2025-06-11,c33b51d0-dc65-44ee-b0cd-c57d93443164,Online,Active
ACT-000845,ENT-00420,5,2024-11-25,d50e6934-edb8-4c66-855a-4d06af020488,Offline,Deactivated
ACT-000846,ENT-00421,6,2024-08-14,2e4e1c2a-0111-4063-84e8-db42b46c77f0,Offline,Active
ACT-000847,ENT-00421,10,2024-09-29,ae2ae6d5-c561-4189-9f71-baf0155dbb28,Manual,Active
ACT-000848,ENT-00422,6,2024-05-06,29273b20-c1d8-45d5-961a-3937b215c3ba,Online,Active
ACT-000849,ENT-00422,7,2023-09-15,e022040f-4bed-49ba-9dfe-a3fbe6be1925,Offline,Deactivated
ACT-000850,ENT-00422,5,2025-02-03,3d686efa-bdee-4ffb-a1bb-938451aaf91c,Manual,Active
ACT-000851,ENT-00423,1,2024-11-22,f6c8ce07-8a17-40ba-9e9c-83d2bf468a73,Offline,Active
ACT-000852,ENT-00424,10,2025-06-11,af4abf7a-073e-4bac-b591-3c222642e77f,Online,Active
ACT-000853,ENT-00424,4,2024-02-29,b5438826-e84d-407d-b835-2779e0af91d5,Manual,Active
ACT-000854,ENT-00425,5,2024-08-18,751d2985-a66b-410a-ba30-6b03b4dba140,Manual,Active
ACT-000855,ENT-00426,8,2025-08-01,0a1f00e8-42e2-44a6-bc95-9b757fa37768,Offline,Active
ACT-000856,ENT-00427,6,2024-10-26,7f3a65a0-c9e3-495a-83f3-5a48cc8f9e31,Offline,Active
ACT-000857,ENT-00427,10,2024-04-29,881d9599-7155-489e-8f08-a5c93f08f9fc,Manual,Active
ACT-000858,ENT-00427,4,2024-02-29,e65d8bda-5379-46b0-8d0a-7f1ab9c96667,Offline,Deactivated
ACT-000859,ENT-00428,2,2025-07-26,d3690c8d-2477-40b4-bfbe-66ea4ac43b9c,Manual,Active
ACT-000860,ENT-00429,4,2024-09-10,c97b50b5-6a65-4e5f-b8fe-7dbad5bf6cef,Manual,Active
ACT-000861,ENT-00430,9,2025-07-17,b4b79520-cfc8-4630-88bb-f4ddd6577541,Manual,Active
ACT-000862,ENT-00430,1,2025-01-14,2262e9a3-e6c1-4c8b-9184-fed6c566d514,Online,Active
ACT-000863,ENT-00431,10,2024-08-19,85b8aaeb-2d4a-426f-8a21-40282d638275,Manual,Active
ACT-000864,ENT-00432,6,2023-12-13,c132156c-8070-4876-ae06-ec0ba9c796db,Offline,Active
ACT-000865,ENT-00432,3,2024-01-20,9155f829-ecb0-428e-aef8-3913e057461b,Online,Active
ACT-000866,ENT-00433,4,2025-03-16,5a81acfc-5579-430d-a3c2-35b0e0b84e98,Manual,Active
ACT-000867,ENT-00434,6,2024-06-04,47b30a0e-2b5d-4ea1-9718-622417562ef3,Online,Active
ACT-000868,ENT-00434,6,2024-08-02,fba64c4f-3265-4d88-ac41-c6226be09cd1,Offline,Active
ACT-000869,ENT-00434,10,2024-05-29,9f6ae0fe-d18d-40d5-9368-1e7ebb1647cb,Online,Active
ACT-000870,ENT-00435,6,2025-05-30,1e64e1ac-1108-45ed-b965-805d625a78b7,Offline,Active
ACT-000871,ENT-00436,10,2024-10-17,ea4addba-31c2-4348-be3c-b84842f7caca,Manual,Active
ACT-000872,ENT-00436,3,2025-07-19,8b831fe9-b23d-4075-8b59-490a1a1d1dd9,Offline,Active
ACT-000873,ENT-00436,10,2024-09-23,20825c6c-2831-4079-91c8-65a5621d96ad,Manual,Active
ACT-000874,ENT-00437,8,2025-05-07,926590a7-eff7-4810-9c78-8dd46a3ece74,Offline,Deactivated
ACT-000875,ENT-00438,5,2025-01-21,2ba1c391-85b1-461f-8b1d-c62d11ef5a26,Online,Active
ACT-000876,ENT-00438,3,2024-12-12,fc59e36d-7c91-4189-af3d-7a465e45e4b1,Online,Active
ACT-000877,ENT-00438,8,2025-02-04,b31ef334-8b74-4909-84c4-b4dbebe8f015,Offline,Active
ACT-000878,ENT-00439,2,2025-03-19,1a523b11-94c1-4256-8360-174db12b6aa3,Manual,Active
ACT-000879,ENT-00440,4,2024-10-16,93837e53-41d1-440f-af39-7e2bf138a020,Manual,Active
ACT-000880,ENT-00441,4,2024-12-22,3bdb2ef2-8daa-4c4c-a136-268269161415,Manual,Active
ACT-000881,ENT-00441,1,2025-07-30,84073650-641a-4821-a5f3-6604b38f7942,Offline,Active
ACT-000882,ENT-00441,9,2025-03-25,92f36588-67a7-483f-9e7f-6753eb00fe41,Manual,Expired
ACT-000883,ENT-00442,1,2025-06-02,e5027607-856c-4563-8985-a15135ad2a10,Online,Active
ACT-000884,ENT-00442,6,2025-06-14,f2371d40-a7a4-4bae-a00a-356a39b98c96,Manual,Active
ACT-000885,ENT-00443,4,2025-08-01,2830ef19-27a2-4bbb-b06d-562cd6506055,Online,Expired
ACT-000886,ENT-00443,3,2025-08-01,4062e303-7b92-4294-bf26-876155a22737,Manual,Deactivated
ACT-000887,ENT-00443,6,2025-08-01,1413b58d-1c97-4654-a92b-023c2ea9e3a5,Manual,Active
ACT-000888,ENT-00444,3,2024-08-03,bbf3b996-4221-4478-b091-9fd65bf18c13,Manual,Active
ACT-000889,ENT-00444,6,2025-01-31,cf4921c2-376c-4beb-be6a-06d70f27d0d9,Offline,Deactivated
ACT-000890,ENT-00444,1,2024-10-20,bc4d2f17-f422-4466-8b0f-1db501554d15,Offline,Active
ACT-000891,ENT-00445,3,2024-07-03,9bb496e0-7bcf-4b27-a256-75adf4899b3f,Offline,Active
ACT-000892,ENT-00446,3,2025-07-15,df3e0004-03df-4065-a945-0401b7bae394,Manual,Deactivated
ACT-000893,ENT-00446,2,2025-07-25,6ca3e57c-22db-472f-a0c8-b235f41dbedb,Online,Active
ACT-000894,ENT-00446,6,2025-05-19,35150eea-e453-4a09-9e94-6c340c86c31f,Manual,Active
ACT-000895,ENT-00447,6,2025-05-25,f1e393a0-a04e-4698-85f3-0eb80c53a89a,Offline,Active
ACT-000896,ENT-00448,7,2024-04-15,3767f83a-8e52-4dc0-bafc-fb5225796040,Offline,Active
ACT-000897,ENT-00448,10,2025-02-25,02296b43-b41a-4aa2-b661-148d794e9484,Online,Deactivated
ACT-000898,ENT-00448,2,2024-08-02,636ed1e6-8cf6-4f0a-99bf-954a011cf48d,Offline,Active
