entitlement_id,customer_id,product_id,purchase_date,purchase_quantity,entitlement_start_date,entitlement_end_date,license_model,purchase_price,status
ENT-00001,CUST-0001,PROD-006,2025-04-24,7,2025-04-24,,Subscription,27914.55,Active
ENT-00002,CUST-0001,PROD-016,2025-01-30,18,2025-01-30,2027-01-30,Perpetual,40090.69,Active
ENT-00003,CUST-0001,PROD-019,2024-02-01,97,2024-02-01,,Usage-based,44582.15,Active
ENT-00004,CUST-0001,PROD-010,2023-08-05,71,2023-08-05,,Subscription,22351.09,Active
ENT-00005,CUST-0001,PROD-008,2025-05-24,58,2025-05-24,2027-05-24,Perpetual,13033.66,Active
ENT-00006,CUST-0002,PROD-022,2024-05-10,99,2024-05-10,,Named User,38905.97,Expired
ENT-00007,CUST-0002,PROD-023,2024-08-05,81,2024-08-05,,Subscription,12038.37,Active
ENT-00008,CUST-0003,PROD-003,2025-07-18,31,2025-07-18,2026-07-18,Perpetual,13658.58,Active
ENT-00009,CUST-0003,PROD-014,2023-09-18,70,2023-09-18,,Usage-based,4120.83,Active
ENT-00010,CUST-0003,PROD-004,2024-05-09,50,2024-05-09,2024-08-07,Subscription,34728.1,Expired
ENT-00011,CUST-0003,PROD-001,2024-03-18,54,2024-03-18,2024-04-17,Concurrent,20439.21,Active
ENT-00012,CUST-0004,PROD-008,2023-11-22,54,2023-11-22,,Named User,3207.06,Active
ENT-00013,CUST-0004,PROD-010,2025-07-26,50,2025-07-26,,Concurrent,45251.44,Suspended
ENT-00014,CUST-0004,PROD-001,2024-02-07,62,2024-02-07,2026-02-06,Subscription,394.21,Active
ENT-00015,CUST-0004,PROD-024,2025-05-06,39,2025-05-06,,Subscription,37698.41,Active
ENT-00016,CUST-0004,PROD-007,2023-09-15,69,2023-09-15,,Subscription,37401.03,Expired
ENT-00017,CUST-0005,PROD-018,2023-11-02,29,2023-11-02,2025-11-01,Subscription,13719.47,Expired
ENT-00018,CUST-0005,PROD-009,2024-05-22,4,2024-05-22,,Perpetual,19503.97,Active
ENT-00019,CUST-0005,PROD-017,2025-01-24,93,2025-01-24,,Concurrent,8335.73,Active
ENT-00020,CUST-0005,PROD-020,2024-05-17,17,2024-05-17,,Perpetual,49038.03,Active
ENT-00021,CUST-0005,PROD-012,2025-01-28,76,2025-01-28,2027-01-28,Perpetual,28263.16,Active
ENT-00022,CUST-0006,PROD-012,2024-12-29,18,2024-12-29,2026-12-29,Named User,43355.88,Active
ENT-00023,CUST-0007,PROD-008,2023-09-29,49,2023-09-29,2024-09-28,Concurrent,16434.9,Active
ENT-00024,CUST-0007,PROD-010,2025-05-14,42,2025-05-14,,Named User,16941.28,Suspended
ENT-00025,CUST-0008,PROD-004,2025-06-09,97,2025-06-09,,Subscription,47565.09,Active
ENT-00026,CUST-0008,PROD-006,2023-08-26,33,2023-08-26,,Subscription,41762.05,Expired
ENT-00027,CUST-0008,PROD-017,2024-05-12,3,2024-05-12,,Subscription,37476.31,Active
ENT-00028,CUST-0008,PROD-012,2023-10-03,29,2023-10-03,2024-10-02,Subscription,32542.19,Active
ENT-00029,CUST-0009,PROD-016,2023-10-01,26,2023-10-01,2023-12-30,Perpetual,41977.52,Active
ENT-00030,CUST-0010,PROD-012,2024-10-18,17,2024-10-18,2025-01-16,Concurrent,23730.7,Suspended
ENT-00031,CUST-0010,PROD-010,2023-11-27,60,2023-11-27,2024-02-25,Subscription,35003.3,Active
ENT-00032,CUST-0010,PROD-017,2024-08-01,22,2024-08-01,,Subscription,30334.05,Active
ENT-00033,CUST-0010,PROD-004,2025-03-06,40,2025-03-06,2025-06-04,Named User,5494.13,Active
ENT-00034,CUST-0010,PROD-013,2025-01-26,74,2025-01-26,2026-01-26,Usage-based,33899.63,Active
ENT-00035,CUST-0011,PROD-015,2024-08-02,92,2024-08-02,,Concurrent,9996.66,Active
ENT-00036,CUST-0011,PROD-022,2025-02-14,90,2025-02-14,2025-03-16,Usage-based,38646.8,Active
ENT-00037,CUST-0011,PROD-015,2024-07-12,45,2024-07-12,2024-08-11,Perpetual,26683.99,Active
ENT-00038,CUST-0011,PROD-019,2024-03-12,9,2024-03-12,,Perpetual,25347.44,Active
ENT-00039,CUST-0012,PROD-006,2023-12-02,63,2023-12-02,2025-12-01,Perpetual,5366.39,Expired
ENT-00040,CUST-0012,PROD-011,2025-06-17,82,2025-06-17,,Perpetual,44589.59,Active
ENT-00041,CUST-0012,PROD-002,2024-11-14,91,2024-11-14,,Subscription,7734.26,Suspended
ENT-00042,CUST-0013,PROD-006,2024-08-27,79,2024-08-27,,Subscription,40429.14,Active
ENT-00043,CUST-0013,PROD-008,2023-08-11,60,2023-08-11,,Concurrent,21835.17,Suspended
ENT-00044,CUST-0014,PROD-013,2025-05-10,42,2025-05-10,,Concurrent,42600.49,Expired
ENT-00045,CUST-0014,PROD-021,2025-01-12,58,2025-01-12,2026-01-12,Concurrent,12268.79,Active
ENT-00046,CUST-0014,PROD-010,2024-10-06,73,2024-10-06,,Usage-based,30555.55,Expired
ENT-00047,CUST-0014,PROD-001,2025-07-16,44,2025-07-16,,Named User,1532.13,Active
ENT-00048,CUST-0014,PROD-005,2024-08-26,24,2024-08-26,,Usage-based,24428.74,Active
ENT-00049,CUST-0015,PROD-012,2025-02-03,44,2025-02-03,,Subscription,14054.96,Expired
ENT-00050,CUST-0015,PROD-013,2024-06-27,72,2024-06-27,,Subscription,606.54,Expired
ENT-00051,CUST-0015,PROD-002,2024-03-01,31,2024-03-01,2024-03-31,Perpetual,36031.73,Active
ENT-00052,CUST-0016,PROD-015,2024-09-11,83,2024-09-11,2026-09-11,Concurrent,35620.94,Expired
ENT-00053,CUST-0016,PROD-011,2023-11-08,3,2023-11-08,,Subscription,4743.36,Active
ENT-00054,CUST-0016,PROD-023,2024-06-09,89,2024-06-09,2026-06-09,Named User,12240.93,Active
ENT-00055,CUST-0016,PROD-009,2023-09-15,61,2023-09-15,,Subscription,27718.3,Active
ENT-00056,CUST-0017,PROD-017,2024-06-02,96,2024-06-02,,Subscription,27564.38,Active
ENT-00057,CUST-0017,PROD-007,2025-05-02,90,2025-05-02,,Named User,22741.89,Expired
ENT-00058,CUST-0017,PROD-017,2024-11-14,33,2024-11-14,,Perpetual,11603.85,Suspended
ENT-00059,CUST-0018,PROD-006,2025-04-28,16,2025-04-28,,Concurrent,37169.77,Active
ENT-00060,CUST-0018,PROD-007,2024-08-07,28,2024-08-07,2024-11-05,Usage-based,36956.37,Expired
ENT-00061,CUST-0019,PROD-014,2024-12-21,13,2024-12-21,,Concurrent,41648.16,Active
ENT-00062,CUST-0019,PROD-001,2025-05-06,30,2025-05-06,,Concurrent,18107.97,Expired
ENT-00063,CUST-0019,PROD-025,2023-12-09,2,2023-12-09,,Perpetual,35430.12,Active
ENT-00064,CUST-0020,PROD-003,2025-04-17,6,2025-04-17,,Usage-based,48717.32,Expired
ENT-00065,CUST-0020,PROD-020,2024-12-17,90,2024-12-17,,Concurrent,47210.07,Active
ENT-00066,CUST-0021,PROD-009,2024-01-01,74,2024-01-01,2024-01-31,Usage-based,14288.53,Active
ENT-00067,CUST-0021,PROD-012,2023-10-26,57,2023-10-26,,Perpetual,17101.23,Active
ENT-00068,CUST-0021,PROD-021,2023-10-02,62,2023-10-02,2024-10-01,Usage-based,5792.95,Active
ENT-00069,CUST-0021,PROD-016,2024-11-13,63,2024-11-13,2026-11-13,Usage-based,3796.7,Active
ENT-00070,CUST-0022,PROD-003,2023-08-24,73,2023-08-24,2023-11-22,Subscription,47461.37,Active
ENT-00071,CUST-0023,PROD-017,2024-03-09,72,2024-03-09,2024-04-08,Subscription,38245.73,Expired
ENT-00072,CUST-0024,PROD-016,2024-09-26,58,2024-09-26,2026-09-26,Perpetual,45434.37,Active
ENT-00073,CUST-0024,PROD-023,2023-09-22,76,2023-09-22,,Subscription,49502.56,Active
ENT-00074,CUST-0024,PROD-019,2024-11-08,73,2024-11-08,,Perpetual,31089.26,Active
ENT-00075,CUST-0024,PROD-020,2025-03-12,81,2025-03-12,2025-06-10,Usage-based,10630.16,Expired
ENT-00076,CUST-0024,PROD-023,2023-12-26,31,2023-12-26,2024-03-25,Named User,8773.3,Active
ENT-00077,CUST-0025,PROD-015,2024-01-06,53,2024-01-06,2024-02-05,Perpetual,22580.13,Active
ENT-00078,CUST-0026,PROD-023,2024-02-05,38,2024-02-05,,Usage-based,1728.73,Active
ENT-00079,CUST-0026,PROD-021,2023-10-08,91,2023-10-08,,Named User,14207.65,Active
ENT-00080,CUST-0026,PROD-024,2024-10-14,10,2024-10-14,,Perpetual,34400.51,Active
ENT-00081,CUST-0026,PROD-024,2024-10-13,81,2024-10-13,,Concurrent,29530.5,Active
ENT-00082,CUST-0026,PROD-024,2023-09-07,15,2023-09-07,2025-09-06,Perpetual,27273.66,Expired
ENT-00083,CUST-0027,PROD-022,2024-04-03,19,2024-04-03,,Perpetual,3663.35,Active
ENT-00084,CUST-0027,PROD-014,2024-03-29,77,2024-03-29,2025-03-29,Perpetual,37472.99,Expired
ENT-00085,CUST-0028,PROD-008,2024-05-06,57,2024-05-06,,Usage-based,6305.25,Expired
ENT-00086,CUST-0028,PROD-002,2024-06-07,90,2024-06-07,,Named User,20185.18,Active
ENT-00087,CUST-0028,PROD-011,2024-01-01,65,2024-01-01,,Usage-based,27045.08,Expired
ENT-00088,CUST-0028,PROD-010,2025-03-08,11,2025-03-08,,Concurrent,29942.03,Active
ENT-00089,CUST-0028,PROD-016,2025-02-16,95,2025-02-16,,Usage-based,16183.85,Suspended
ENT-00090,CUST-0029,PROD-018,2023-11-11,30,2023-11-11,2023-12-11,Perpetual,48099.36,Active
ENT-00091,CUST-0029,PROD-003,2024-04-16,74,2024-04-16,2025-04-16,Concurrent,2107.56,Active
ENT-00092,CUST-0029,PROD-013,2025-06-29,67,2025-06-29,2027-06-29,Named User,32610.32,Expired
ENT-00093,CUST-0030,PROD-004,2023-10-20,82,2023-10-20,2025-10-19,Named User,40730.82,Active
ENT-00094,CUST-0030,PROD-012,2025-04-21,45,2025-04-21,2027-04-21,Subscription,20476.57,Expired
ENT-00095,CUST-0030,PROD-014,2023-08-21,86,2023-08-21,,Named User,5319.53,Active
ENT-00096,CUST-0031,PROD-011,2025-04-12,53,2025-04-12,,Concurrent,34714.32,Active
ENT-00097,CUST-0031,PROD-010,2024-08-07,85,2024-08-07,,Named User,47265.16,Active
ENT-00098,CUST-0032,PROD-023,2025-06-07,12,2025-06-07,2027-06-07,Perpetual,15794.41,Active
ENT-00099,CUST-0032,PROD-018,2024-03-15,15,2024-03-15,,Subscription,48512.22,Active
ENT-00100,CUST-0032,PROD-010,2023-11-28,66,2023-11-28,,Concurrent,41263.87,Active
ENT-00101,CUST-0032,PROD-015,2023-10-03,53,2023-10-03,2025-10-02,Perpetual,2804.78,Expired
ENT-00102,CUST-0032,PROD-018,2025-02-11,80,2025-02-11,,Subscription,37846.51,Active
ENT-00103,CUST-0033,PROD-006,2025-06-19,35,2025-06-19,2025-09-17,Subscription,27506.06,Active
ENT-00104,CUST-0033,PROD-011,2025-04-21,57,2025-04-21,,Subscription,44054.25,Active
ENT-00105,CUST-0033,PROD-025,2025-03-22,16,2025-03-22,,Subscription,1540.59,Active
ENT-00106,CUST-0033,PROD-007,2024-08-26,40,2024-08-26,2024-11-24,Named User,27586.87,Expired
ENT-00107,CUST-0034,PROD-002,2025-02-19,12,2025-02-19,,Named User,11312.56,Active
ENT-00108,CUST-0034,PROD-002,2024-12-20,16,2024-12-20,2026-12-20,Named User,32420.71,Active
ENT-00109,CUST-0034,PROD-011,2025-07-25,92,2025-07-25,2027-07-25,Usage-based,14663.89,Active
ENT-00110,CUST-0034,PROD-016,2024-07-15,54,2024-07-15,,Subscription,41752.72,Active
ENT-00111,CUST-0034,PROD-014,2024-04-22,32,2024-04-22,,Usage-based,22893.64,Active
ENT-00112,CUST-0035,PROD-012,2024-05-08,25,2024-05-08,,Named User,46101.22,Active
ENT-00113,CUST-0035,PROD-012,2025-05-28,36,2025-05-28,2025-06-27,Concurrent,38656.49,Active
ENT-00114,CUST-0036,PROD-025,2023-09-03,65,2023-09-03,,Concurrent,13431.92,Expired
ENT-00115,CUST-0036,PROD-006,2024-02-04,93,2024-02-04,2025-02-03,Subscription,14997.94,Suspended
ENT-00116,CUST-0036,PROD-009,2024-11-19,20,2024-11-19,,Named User,22382.71,Active
ENT-00117,CUST-0036,PROD-002,2023-09-30,45,2023-09-30,,Subscription,16688.75,Active
ENT-00118,CUST-0037,PROD-002,2024-10-16,59,2024-10-16,,Concurrent,46649.33,Suspended
ENT-00119,CUST-0037,PROD-005,2023-10-17,74,2023-10-17,2024-01-15,Perpetual,19210.25,Active
ENT-00120,CUST-0037,PROD-014,2023-11-21,6,2023-11-21,,Usage-based,15977.0,Active
ENT-00121,CUST-0037,PROD-011,2024-09-30,91,2024-09-30,,Perpetual,45680.17,Expired
ENT-00122,CUST-0037,PROD-020,2024-08-24,50,2024-08-24,,Perpetual,49421.86,Active
ENT-00123,CUST-0038,PROD-003,2024-07-21,5,2024-07-21,,Usage-based,6399.69,Expired
ENT-00124,CUST-0038,PROD-021,2023-12-12,13,2023-12-12,,Usage-based,43722.1,Suspended
ENT-00125,CUST-0039,PROD-002,2023-12-06,2,2023-12-06,2025-12-05,Perpetual,36149.95,Active
ENT-00126,CUST-0039,PROD-011,2024-03-07,84,2024-03-07,,Named User,48500.84,Active
ENT-00127,CUST-0039,PROD-024,2024-05-11,34,2024-05-11,2026-05-11,Usage-based,16994.21,Active
ENT-00128,CUST-0039,PROD-009,2023-10-11,84,2023-10-11,,Perpetual,4107.73,Active
ENT-00129,CUST-0040,PROD-009,2023-12-20,41,2023-12-20,,Concurrent,31377.28,Active
ENT-00130,CUST-0040,PROD-006,2024-02-19,70,2024-02-19,,Concurrent,1891.37,Expired
ENT-00131,CUST-0040,PROD-021,2024-02-17,81,2024-02-17,2024-05-17,Concurrent,34251.54,Active
ENT-00132,CUST-0041,PROD-002,2024-12-20,56,2024-12-20,2025-01-19,Subscription,48919.05,Active
ENT-00133,CUST-0041,PROD-024,2025-08-01,22,2025-08-01,2027-08-01,Perpetual,34730.66,Active
ENT-00134,CUST-0041,PROD-019,2024-10-17,42,2024-10-17,2024-11-16,Concurrent,39827.56,Active
ENT-00135,CUST-0042,PROD-009,2023-09-02,48,2023-09-02,,Usage-based,21591.27,Active
ENT-00136,CUST-0042,PROD-024,2025-05-31,73,2025-05-31,2027-05-31,Usage-based,34121.84,Active
ENT-00137,CUST-0042,PROD-008,2024-06-09,23,2024-06-09,2024-09-07,Concurrent,4040.52,Active
ENT-00138,CUST-0043,PROD-003,2025-05-29,75,2025-05-29,2027-05-29,Named User,7241.57,Active
ENT-00139,CUST-0043,PROD-023,2025-07-15,82,2025-07-15,,Subscription,12773.47,Active
ENT-00140,CUST-0043,PROD-006,2024-07-10,86,2024-07-10,,Usage-based,568.93,Active
ENT-00141,CUST-0043,PROD-025,2024-09-04,37,2024-09-04,,Named User,33912.78,Active
ENT-00142,CUST-0044,PROD-017,2024-04-02,45,2024-04-02,2026-04-02,Usage-based,49383.82,Expired
ENT-00143,CUST-0044,PROD-013,2023-10-06,82,2023-10-06,,Concurrent,48105.25,Active
ENT-00144,CUST-0045,PROD-019,2024-08-29,39,2024-08-29,,Concurrent,10040.93,Active
ENT-00145,CUST-0045,PROD-013,2024-02-23,62,2024-02-23,,Perpetual,5422.0,Active
ENT-00146,CUST-0045,PROD-015,2024-11-27,74,2024-11-27,,Perpetual,18012.06,Active
ENT-00147,CUST-0046,PROD-025,2025-02-28,3,2025-02-28,,Subscription,48899.43,Active
ENT-00148,CUST-0046,PROD-008,2025-01-27,36,2025-01-27,,Named User,504.09,Active
ENT-00149,CUST-0046,PROD-014,2023-08-09,37,2023-08-09,2025-08-08,Subscription,38809.47,Active
ENT-00150,CUST-0047,PROD-014,2025-05-26,29,2025-05-26,,Perpetual,31867.23,Active
ENT-00151,CUST-0047,PROD-012,2024-03-15,87,2024-03-15,,Concurrent,37803.31,Active
ENT-00152,CUST-0048,PROD-025,2023-12-03,40,2023-12-03,2024-01-02,Named User,39451.66,Suspended
ENT-00153,CUST-0048,PROD-014,2024-06-08,94,2024-06-08,2025-06-08,Perpetual,6657.45,Active
ENT-00154,CUST-0049,PROD-017,2024-01-23,96,2024-01-23,,Concurrent,20833.6,Active
ENT-00155,CUST-0049,PROD-016,2025-06-11,70,2025-06-11,2025-09-09,Concurrent,43835.38,Active
ENT-00156,CUST-0049,PROD-019,2025-01-03,68,2025-01-03,,Perpetual,25139.56,Active
ENT-00157,CUST-0050,PROD-006,2024-04-30,62,2024-04-30,2025-04-30,Concurrent,48372.47,Active
ENT-00158,CUST-0050,PROD-025,2024-07-31,96,2024-07-31,,Named User,43532.81,Active
ENT-00159,CUST-0050,PROD-018,2025-07-02,10,2025-07-02,2027-07-02,Concurrent,7123.78,Active
ENT-00160,CUST-0051,PROD-025,2023-10-26,72,2023-10-26,,Perpetual,18352.17,Active
ENT-00161,CUST-0051,PROD-012,2023-12-21,2,2023-12-21,,Perpetual,13296.48,Active
ENT-00162,CUST-0052,PROD-014,2025-07-15,48,2025-07-15,,Concurrent,33674.14,Expired
ENT-00163,CUST-0053,PROD-024,2025-03-21,82,2025-03-21,,Concurrent,47020.57,Suspended
ENT-00164,CUST-0053,PROD-012,2024-01-04,61,2024-01-04,2024-04-03,Concurrent,1348.73,Suspended
ENT-00165,CUST-0053,PROD-021,2024-04-14,79,2024-04-14,,Perpetual,11146.22,Active
ENT-00166,CUST-0054,PROD-007,2024-04-05,90,2024-04-05,,Usage-based,15179.29,Suspended
ENT-00167,CUST-0055,PROD-010,2024-11-14,6,2024-11-14,2025-02-12,Concurrent,47318.45,Active
ENT-00168,CUST-0055,PROD-002,2024-01-15,64,2024-01-15,,Concurrent,5894.41,Active
ENT-00169,CUST-0055,PROD-022,2023-10-30,50,2023-10-30,2024-01-28,Usage-based,22736.82,Expired
ENT-00170,CUST-0055,PROD-025,2024-07-21,76,2024-07-21,,Perpetual,37139.22,Active
ENT-00171,CUST-0056,PROD-022,2024-09-29,84,2024-09-29,,Subscription,5041.18,Active
ENT-00172,CUST-0056,PROD-009,2024-08-02,79,2024-08-02,,Subscription,20464.98,Active
ENT-00173,CUST-0057,PROD-014,2024-12-12,28,2024-12-12,2025-12-12,Subscription,22224.82,Active
ENT-00174,CUST-0057,PROD-007,2024-04-07,13,2024-04-07,2025-04-07,Named User,49048.29,Active
ENT-00175,CUST-0057,PROD-006,2023-08-27,70,2023-08-27,,Named User,45094.64,Active
ENT-00176,CUST-0058,PROD-017,2025-03-26,36,2025-03-26,2027-03-26,Concurrent,9571.45,Active
ENT-00177,CUST-0058,PROD-020,2023-09-20,12,2023-09-20,2025-09-19,Usage-based,33172.16,Active
ENT-00178,CUST-0058,PROD-006,2025-04-07,43,2025-04-07,2025-05-07,Concurrent,12254.09,Active
ENT-00179,CUST-0059,PROD-014,2024-08-04,98,2024-08-04,2024-09-03,Subscription,27754.97,Active
ENT-00180,CUST-0059,PROD-010,2023-09-14,43,2023-09-14,2023-12-13,Subscription,38740.99,Active
ENT-00181,CUST-0060,PROD-016,2025-06-07,19,2025-06-07,2026-06-07,Perpetual,49377.61,Active
ENT-00182,CUST-0060,PROD-003,2025-03-14,23,2025-03-14,,Concurrent,5585.32,Expired
ENT-00183,CUST-0060,PROD-002,2024-02-28,2,2024-02-28,2024-05-28,Usage-based,17976.29,Active
ENT-00184,CUST-0060,PROD-004,2024-12-08,3,2024-12-08,2025-12-08,Subscription,8794.89,Active
ENT-00185,CUST-0060,PROD-012,2023-10-06,95,2023-10-06,2024-01-04,Subscription,21105.93,Active
ENT-00186,CUST-0061,PROD-018,2023-09-25,58,2023-09-25,2025-09-24,Usage-based,38923.05,Active
ENT-00187,CUST-0062,PROD-015,2024-06-12,65,2024-06-12,2026-06-12,Perpetual,11155.33,Active
ENT-00188,CUST-0062,PROD-013,2024-03-21,59,2024-03-21,2025-03-21,Concurrent,32202.7,Active
ENT-00189,CUST-0062,PROD-007,2025-06-09,62,2025-06-09,2025-07-09,Concurrent,42380.2,Active
ENT-00190,CUST-0062,PROD-015,2024-09-13,88,2024-09-13,,Subscription,5487.3,Active
ENT-00191,CUST-0062,PROD-023,2025-01-04,10,2025-01-04,,Usage-based,44973.41,Active
ENT-00192,CUST-0063,PROD-020,2023-12-23,17,2023-12-23,2024-01-22,Perpetual,13823.3,Active
ENT-00193,CUST-0063,PROD-009,2023-10-13,49,2023-10-13,,Concurrent,49731.93,Active
ENT-00194,CUST-0063,PROD-008,2024-04-24,59,2024-04-24,,Usage-based,25327.0,Suspended
ENT-00195,CUST-0064,PROD-009,2023-12-08,84,2023-12-08,2024-01-07,Subscription,32580.74,Active
ENT-00196,CUST-0064,PROD-004,2024-04-30,58,2024-04-30,2026-04-30,Concurrent,44415.74,Active
ENT-00197,CUST-0064,PROD-014,2024-08-11,44,2024-08-11,,Concurrent,41388.22,Active
ENT-00198,CUST-0064,PROD-005,2024-09-21,54,2024-09-21,,Subscription,36507.66,Active
ENT-00199,CUST-0065,PROD-006,2025-01-25,41,2025-01-25,,Concurrent,33288.88,Expired
ENT-00200,CUST-0065,PROD-009,2024-05-04,20,2024-05-04,,Named User,34372.37,Suspended
ENT-00201,CUST-0065,PROD-003,2024-05-31,9,2024-05-31,,Perpetual,4652.12,Active
ENT-00202,CUST-0066,PROD-008,2024-10-11,13,2024-10-11,2026-10-11,Named User,37254.99,Active
ENT-00203,CUST-0067,PROD-023,2024-01-04,76,2024-01-04,2024-02-03,Perpetual,47835.57,Expired
ENT-00204,CUST-0067,PROD-017,2025-02-14,86,2025-02-14,,Named User,6199.34,Active
ENT-00205,CUST-0067,PROD-006,2024-11-23,86,2024-11-23,,Subscription,47062.38,Expired
ENT-00206,CUST-0068,PROD-022,2024-04-10,77,2024-04-10,2025-04-10,Usage-based,15691.2,Expired
ENT-00207,CUST-0068,PROD-003,2023-08-14,20,2023-08-14,2023-11-12,Subscription,32871.14,Active
ENT-00208,CUST-0068,PROD-019,2025-06-29,45,2025-06-29,2025-07-29,Concurrent,42284.13,Suspended
ENT-00209,CUST-0068,PROD-003,2025-07-28,15,2025-07-28,,Subscription,38154.02,Active
ENT-00210,CUST-0069,PROD-014,2024-08-24,72,2024-08-24,2026-08-24,Usage-based,48729.88,Active
ENT-00211,CUST-0069,PROD-024,2023-10-30,4,2023-10-30,2024-10-29,Concurrent,9102.76,Active
ENT-00212,CUST-0069,PROD-005,2024-02-23,44,2024-02-23,,Named User,17616.07,Active
ENT-00213,CUST-0069,PROD-002,2025-02-14,73,2025-02-14,2025-05-15,Perpetual,32901.5,Active
ENT-00214,CUST-0069,PROD-002,2024-07-17,95,2024-07-17,2024-10-15,Subscription,31695.28,Active
ENT-00215,CUST-0070,PROD-015,2024-12-07,49,2024-12-07,2025-03-07,Concurrent,21049.64,Expired
ENT-00216,CUST-0071,PROD-024,2024-12-11,40,2024-12-11,2025-12-11,Named User,36107.64,Active
ENT-00217,CUST-0071,PROD-025,2023-10-17,20,2023-10-17,2023-11-16,Perpetual,7954.75,Active
ENT-00218,CUST-0071,PROD-003,2024-01-19,35,2024-01-19,2024-02-18,Subscription,22211.34,Active
ENT-00219,CUST-0072,PROD-015,2024-06-24,78,2024-06-24,,Named User,22158.0,Expired
ENT-00220,CUST-0072,PROD-017,2025-03-26,28,2025-03-26,,Subscription,37771.66,Suspended
ENT-00221,CUST-0072,PROD-008,2024-11-11,56,2024-11-11,2025-11-11,Concurrent,5633.4,Active
ENT-00222,CUST-0072,PROD-014,2024-01-17,68,2024-01-17,,Usage-based,33389.91,Active
ENT-00223,CUST-0073,PROD-002,2024-01-12,77,2024-01-12,2026-01-11,Subscription,2833.62,Active
ENT-00224,CUST-0074,PROD-025,2025-01-11,28,2025-01-11,,Named User,38390.74,Suspended
ENT-00225,CUST-0074,PROD-013,2023-08-14,38,2023-08-14,,Usage-based,16473.31,Active
ENT-00226,CUST-0075,PROD-018,2025-04-26,96,2025-04-26,,Usage-based,21589.69,Expired
ENT-00227,CUST-0076,PROD-014,2023-08-15,69,2023-08-15,,Usage-based,35213.2,Active
ENT-00228,CUST-0076,PROD-020,2025-06-29,10,2025-06-29,,Usage-based,19913.85,Suspended
ENT-00229,CUST-0077,PROD-010,2024-08-26,3,2024-08-26,,Perpetual,23041.74,Active
ENT-00230,CUST-0078,PROD-017,2025-01-27,74,2025-01-27,,Concurrent,21521.29,Active
ENT-00231,CUST-0079,PROD-025,2024-12-19,38,2024-12-19,,Concurrent,5847.15,Active
ENT-00232,CUST-0079,PROD-022,2024-06-19,22,2024-06-19,2025-06-19,Concurrent,40085.98,Active
ENT-00233,CUST-0079,PROD-022,2024-05-02,89,2024-05-02,,Usage-based,45996.51,Expired
ENT-00234,CUST-0079,PROD-012,2025-05-07,14,2025-05-07,2027-05-07,Named User,12241.49,Active
ENT-00235,CUST-0080,PROD-015,2024-06-28,68,2024-06-28,,Named User,4024.49,Active
ENT-00236,CUST-0080,PROD-001,2025-03-19,96,2025-03-19,,Usage-based,17041.71,Active
ENT-00237,CUST-0080,PROD-011,2023-10-30,100,2023-10-30,,Subscription,8489.82,Active
ENT-00238,CUST-0080,PROD-011,2024-07-24,100,2024-07-24,2024-10-22,Concurrent,17533.83,Active
ENT-00239,CUST-0080,PROD-002,2024-05-18,14,2024-05-18,2024-08-16,Subscription,7407.57,Suspended
ENT-00240,CUST-0081,PROD-013,2024-10-05,98,2024-10-05,2025-01-03,Named User,37981.7,Active
ENT-00241,CUST-0081,PROD-025,2023-12-07,99,2023-12-07,2024-03-06,Named User,31434.64,Active
ENT-00242,CUST-0082,PROD-016,2024-07-06,88,2024-07-06,,Concurrent,46215.3,Active
ENT-00243,CUST-0082,PROD-025,2024-03-11,81,2024-03-11,,Concurrent,15875.33,Active
ENT-00244,CUST-0082,PROD-021,2024-12-07,9,2024-12-07,,Usage-based,23499.16,Expired
ENT-00245,CUST-0082,PROD-014,2025-01-29,36,2025-01-29,,Named User,29611.85,Suspended
ENT-00246,CUST-0083,PROD-016,2025-07-31,60,2025-07-31,2026-07-31,Perpetual,22650.5,Suspended
ENT-00247,CUST-0083,PROD-013,2023-10-10,37,2023-10-10,2024-10-09,Perpetual,3928.88,Active
ENT-00248,CUST-0083,PROD-007,2023-10-11,60,2023-10-11,2025-10-10,Perpetual,29058.44,Suspended
ENT-00249,CUST-0084,PROD-016,2024-11-23,74,2024-11-23,,Concurrent,32626.69,Active
ENT-00250,CUST-0085,PROD-008,2023-10-22,65,2023-10-22,,Concurrent,7627.97,Active
ENT-00251,CUST-0085,PROD-023,2025-03-07,14,2025-03-07,2027-03-07,Named User,40567.24,Active
ENT-00252,CUST-0085,PROD-006,2025-07-23,92,2025-07-23,,Named User,4308.02,Active
ENT-00253,CUST-0086,PROD-003,2023-10-19,91,2023-10-19,2024-01-17,Concurrent,21944.14,Suspended
ENT-00254,CUST-0086,PROD-022,2024-08-27,68,2024-08-27,,Named User,26185.13,Active
ENT-00255,CUST-0087,PROD-004,2025-04-19,48,2025-04-19,,Perpetual,45905.05,Suspended
ENT-00256,CUST-0087,PROD-015,2025-01-02,53,2025-01-02,,Usage-based,38745.79,Active
ENT-00257,CUST-0088,PROD-019,2025-05-25,9,2025-05-25,2026-05-25,Concurrent,16551.57,Suspended
ENT-00258,CUST-0088,PROD-005,2024-01-14,37,2024-01-14,,Subscription,12674.59,Active
ENT-00259,CUST-0088,PROD-022,2025-03-28,11,2025-03-28,2026-03-28,Concurrent,29178.7,Active
ENT-00260,CUST-0088,PROD-004,2024-10-04,40,2024-10-04,2025-10-04,Concurrent,48388.06,Active
ENT-00261,CUST-0088,PROD-013,2023-10-30,17,2023-10-30,,Subscription,29792.56,Expired
ENT-00262,CUST-0089,PROD-003,2025-05-29,72,2025-05-29,,Concurrent,18896.3,Active
ENT-00263,CUST-0090,PROD-003,2023-11-07,83,2023-11-07,2023-12-07,Usage-based,33555.76,Active
ENT-00264,CUST-0090,PROD-012,2025-04-10,3,2025-04-10,,Concurrent,18193.62,Active
ENT-00265,CUST-0090,PROD-019,2024-06-18,44,2024-06-18,2024-09-16,Concurrent,47388.65,Active
ENT-00266,CUST-0091,PROD-024,2023-08-08,18,2023-08-08,2023-11-06,Usage-based,7831.76,Active
ENT-00267,CUST-0091,PROD-001,2025-04-01,13,2025-04-01,,Subscription,25433.72,Active
ENT-00268,CUST-0091,PROD-003,2024-08-31,99,2024-08-31,2025-08-31,Usage-based,30939.77,Active
ENT-00269,CUST-0091,PROD-021,2024-02-26,20,2024-02-26,,Usage-based,8196.14,Suspended
ENT-00270,CUST-0092,PROD-016,2024-03-28,6,2024-03-28,2026-03-28,Concurrent,20601.84,Expired
ENT-00271,CUST-0092,PROD-006,2025-01-06,79,2025-01-06,2027-01-06,Subscription,14317.9,Expired
ENT-00272,CUST-0092,PROD-005,2023-08-06,30,2023-08-06,,Concurrent,26747.16,Expired
ENT-00273,CUST-0092,PROD-002,2023-08-28,61,2023-08-28,,Perpetual,45208.32,Active
ENT-00274,CUST-0092,PROD-008,2023-08-23,87,2023-08-23,2024-08-22,Subscription,47361.8,Expired
ENT-00275,CUST-0093,PROD-003,2025-04-08,99,2025-04-08,,Usage-based,14160.41,Active
ENT-00276,CUST-0093,PROD-019,2025-05-17,65,2025-05-17,,Named User,26420.24,Expired
ENT-00277,CUST-0093,PROD-004,2025-04-30,78,2025-04-30,2025-07-29,Named User,7006.09,Active
ENT-00278,CUST-0093,PROD-011,2024-04-05,7,2024-04-05,,Usage-based,32094.83,Expired
ENT-00279,CUST-0094,PROD-019,2023-12-13,37,2023-12-13,2024-01-12,Named User,4285.37,Active
ENT-00280,CUST-0094,PROD-010,2024-07-02,58,2024-07-02,2025-07-02,Subscription,45274.78,Active
ENT-00281,CUST-0094,PROD-011,2024-10-07,12,2024-10-07,2026-10-07,Concurrent,47326.02,Suspended
ENT-00282,CUST-0095,PROD-025,2023-12-30,45,2023-12-30,,Named User,46530.55,Active
ENT-00283,CUST-0095,PROD-022,2024-12-15,7,2024-12-15,,Concurrent,19883.05,Active
ENT-00284,CUST-0096,PROD-022,2025-05-07,11,2025-05-07,2027-05-07,Perpetual,18808.14,Active
ENT-00285,CUST-0096,PROD-012,2025-04-16,13,2025-04-16,2026-04-16,Named User,41974.9,Active
ENT-00286,CUST-0096,PROD-019,2024-07-01,19,2024-07-01,,Subscription,6966.22,Active
ENT-00287,CUST-0097,PROD-009,2025-08-01,90,2025-08-01,,Concurrent,41572.41,Suspended
ENT-00288,CUST-0097,PROD-009,2025-02-18,58,2025-02-18,,Subscription,30805.88,Active
ENT-00289,CUST-0097,PROD-008,2024-06-11,33,2024-06-11,2024-07-11,Usage-based,10861.17,Active
ENT-00290,CUST-0098,PROD-019,2024-09-07,15,2024-09-07,,Subscription,38831.01,Active
ENT-00291,CUST-0098,PROD-009,2024-07-07,16,2024-07-07,2025-07-07,Subscription,2482.7,Suspended
ENT-00292,CUST-0099,PROD-016,2023-10-19,9,2023-10-19,,Subscription,5631.81,Active
ENT-00293,CUST-0099,PROD-011,2024-08-28,77,2024-08-28,,Perpetual,26849.08,Active
ENT-00294,CUST-0099,PROD-003,2024-12-05,38,2024-12-05,2025-03-05,Named User,21519.02,Suspended
ENT-00295,CUST-0099,PROD-012,2025-04-03,31,2025-04-03,,Concurrent,28576.12,Active
ENT-00296,CUST-0100,PROD-022,2025-05-18,9,2025-05-18,2026-05-18,Usage-based,47674.84,Active
ENT-00297,CUST-0100,PROD-019,2025-05-14,61,2025-05-14,2027-05-14,Named User,2272.37,Active
ENT-00298,CUST-0101,PROD-008,2023-12-04,33,2023-12-04,,Usage-based,37391.1,Active
ENT-00299,CUST-0101,PROD-024,2024-01-08,9,2024-01-08,,Perpetual,17305.64,Active
ENT-00300,CUST-0101,PROD-008,2023-10-14,18,2023-10-14,2024-10-13,Perpetual,2312.35,Active
ENT-00301,CUST-0101,PROD-018,2024-07-07,83,2024-07-07,,Perpetual,8836.95,Expired
ENT-00302,CUST-0102,PROD-017,2024-12-03,81,2024-12-03,,Named User,9195.67,Active
ENT-00303,CUST-0102,PROD-001,2023-11-29,92,2023-11-29,2023-12-29,Perpetual,38831.9,Suspended
ENT-00304,CUST-0102,PROD-015,2024-11-25,5,2024-11-25,,Named User,14742.78,Active
ENT-00305,CUST-0102,PROD-001,2025-07-18,6,2025-07-18,2025-10-16,Perpetual,15848.23,Active
ENT-00306,CUST-0103,PROD-012,2024-10-20,70,2024-10-20,,Concurrent,23722.65,Suspended
ENT-00307,CUST-0103,PROD-007,2023-08-22,37,2023-08-22,2023-11-20,Subscription,17913.01,Active
ENT-00308,CUST-0103,PROD-004,2024-07-20,35,2024-07-20,2025-07-20,Usage-based,6311.3,Active
ENT-00309,CUST-0104,PROD-003,2023-12-25,52,2023-12-25,,Subscription,37191.05,Expired
ENT-00310,CUST-0104,PROD-018,2024-12-21,44,2024-12-21,,Subscription,48688.81,Active
ENT-00311,CUST-0104,PROD-023,2024-03-20,89,2024-03-20,,Subscription,24926.42,Active
ENT-00312,CUST-0105,PROD-010,2024-09-21,11,2024-09-21,,Subscription,36381.36,Expired
ENT-00313,CUST-0105,PROD-015,2025-02-17,78,2025-02-17,2027-02-17,Concurrent,49755.4,Suspended
ENT-00314,CUST-0105,PROD-022,2025-03-23,42,2025-03-23,2026-03-23,Usage-based,5219.64,Active
ENT-00315,CUST-0105,PROD-023,2024-12-27,85,2024-12-27,,Perpetual,14852.43,Active
ENT-00316,CUST-0105,PROD-004,2024-03-03,78,2024-03-03,,Perpetual,35911.38,Active
ENT-00317,CUST-0106,PROD-021,2025-07-29,45,2025-07-29,,Subscription,22411.77,Expired
ENT-00318,CUST-0106,PROD-020,2024-12-02,79,2024-12-02,,Perpetual,49907.71,Suspended
ENT-00319,CUST-0107,PROD-005,2024-12-10,86,2024-12-10,2025-01-09,Named User,31911.88,Active
ENT-00320,CUST-0107,PROD-019,2025-06-06,66,2025-06-06,,Perpetual,40074.69,Active
ENT-00321,CUST-0107,PROD-004,2023-10-28,19,2023-10-28,2023-11-27,Concurrent,42448.6,Active
ENT-00322,CUST-0108,PROD-002,2025-07-23,9,2025-07-23,2025-10-21,Named User,11876.17,Expired
ENT-00323,CUST-0108,PROD-006,2023-11-06,47,2023-11-06,,Perpetual,19204.43,Expired
ENT-00324,CUST-0108,PROD-023,2023-11-21,87,2023-11-21,2024-02-19,Usage-based,22551.14,Expired
ENT-00325,CUST-0108,PROD-007,2024-02-22,48,2024-02-22,,Subscription,22252.57,Active
ENT-00326,CUST-0109,PROD-025,2023-10-14,51,2023-10-14,2024-10-13,Perpetual,15787.83,Active
ENT-00327,CUST-0110,PROD-004,2024-08-20,4,2024-08-20,2024-09-19,Usage-based,36810.18,Active
ENT-00328,CUST-0110,PROD-012,2025-07-11,67,2025-07-11,,Subscription,19410.67,Active
ENT-00329,CUST-0110,PROD-001,2024-06-01,100,2024-06-01,2025-06-01,Perpetual,13088.46,Active
ENT-00330,CUST-0111,PROD-021,2024-08-18,89,2024-08-18,2025-08-18,Perpetual,45832.3,Expired
ENT-00331,CUST-0111,PROD-014,2024-06-19,26,2024-06-19,,Perpetual,6219.61,Active
ENT-00332,CUST-0111,PROD-024,2024-08-14,23,2024-08-14,2026-08-14,Perpetual,44944.08,Active
ENT-00333,CUST-0111,PROD-010,2024-01-13,12,2024-01-13,,Concurrent,40544.61,Active
ENT-00334,CUST-0112,PROD-018,2024-05-20,91,2024-05-20,,Usage-based,3340.46,Expired
ENT-00335,CUST-0112,PROD-016,2024-12-07,39,2024-12-07,,Concurrent,42582.97,Active
ENT-00336,CUST-0112,PROD-005,2025-04-22,66,2025-04-22,2026-04-22,Subscription,11289.66,Active
ENT-00337,CUST-0113,PROD-013,2023-12-20,64,2023-12-20,2024-03-19,Usage-based,1411.57,Active
ENT-00338,CUST-0113,PROD-022,2023-08-10,60,2023-08-10,,Subscription,40202.72,Active
ENT-00339,CUST-0114,PROD-018,2024-12-27,9,2024-12-27,2025-01-26,Named User,15533.61,Active
ENT-00340,CUST-0114,PROD-015,2024-12-05,68,2024-12-05,,Named User,20598.68,Active
ENT-00341,CUST-0114,PROD-013,2025-05-27,74,2025-05-27,,Perpetual,3780.16,Active
ENT-00342,CUST-0114,PROD-013,2023-11-02,83,2023-11-02,,Usage-based,3800.83,Suspended
ENT-00343,CUST-0114,PROD-022,2024-04-28,88,2024-04-28,,Concurrent,25916.26,Active
ENT-00344,CUST-0115,PROD-021,2024-11-21,56,2024-11-21,2025-02-19,Named User,25192.9,Expired
ENT-00345,CUST-0115,PROD-022,2024-09-30,67,2024-09-30,2024-10-30,Perpetual,7735.47,Expired
ENT-00346,CUST-0116,PROD-009,2023-12-04,91,2023-12-04,2024-12-03,Named User,11350.97,Active
ENT-00347,CUST-0116,PROD-014,2025-03-01,11,2025-03-01,,Usage-based,12605.2,Expired
ENT-00348,CUST-0117,PROD-012,2025-07-22,17,2025-07-22,,Perpetual,31288.62,Active
ENT-00349,CUST-0117,PROD-022,2023-12-30,76,2023-12-30,2024-03-29,Named User,47086.19,Active
ENT-00350,CUST-0117,PROD-002,2023-08-25,85,2023-08-25,2023-11-23,Named User,31261.51,Active
ENT-00351,CUST-0117,PROD-024,2023-08-20,73,2023-08-20,,Named User,2155.6,Active
ENT-00352,CUST-0117,PROD-025,2024-09-03,6,2024-09-03,2024-10-03,Subscription,47432.49,Active
ENT-00353,CUST-0118,PROD-017,2024-01-18,84,2024-01-18,,Usage-based,10619.34,Active
ENT-00354,CUST-0118,PROD-013,2023-10-31,80,2023-10-31,,Subscription,31985.66,Active
ENT-00355,CUST-0118,PROD-008,2023-08-25,81,2023-08-25,,Usage-based,27324.32,Active
ENT-00356,CUST-0118,PROD-007,2023-11-18,62,2023-11-18,,Subscription,12319.41,Expired
ENT-00357,CUST-0118,PROD-018,2023-10-06,39,2023-10-06,,Subscription,22731.85,Active
ENT-00358,CUST-0119,PROD-020,2024-02-26,54,2024-02-26,2026-02-25,Usage-based,24264.13,Active
ENT-00359,CUST-0120,PROD-011,2024-08-11,78,2024-08-11,,Subscription,7269.07,Active
ENT-00360,CUST-0120,PROD-023,2023-10-13,94,2023-10-13,,Usage-based,49402.37,Active
ENT-00361,CUST-0121,PROD-008,2025-02-02,17,2025-02-02,,Named User,38057.18,Active
ENT-00362,CUST-0121,PROD-004,2024-12-21,31,2024-12-21,2025-12-21,Usage-based,23376.98,Expired
ENT-00363,CUST-0121,PROD-018,2024-07-30,58,2024-07-30,,Concurrent,12471.15,Active
ENT-00364,CUST-0122,PROD-004,2024-07-06,50,2024-07-06,2025-07-06,Named User,43221.78,Active
ENT-00365,CUST-0123,PROD-015,2024-06-08,42,2024-06-08,2024-09-06,Subscription,46694.2,Suspended
ENT-00366,CUST-0123,PROD-023,2024-02-13,25,2024-02-13,,Subscription,38179.76,Active
ENT-00367,CUST-0123,PROD-019,2024-01-03,66,2024-01-03,,Usage-based,23394.07,Active
ENT-00368,CUST-0123,PROD-007,2024-06-03,64,2024-06-03,,Perpetual,1256.5,Active
ENT-00369,CUST-0124,PROD-023,2024-10-29,31,2024-10-29,,Named User,10835.71,Active
ENT-00370,CUST-0124,PROD-014,2024-04-01,7,2024-04-01,,Subscription,2621.97,Expired
ENT-00371,CUST-0124,PROD-007,2025-04-10,77,2025-04-10,,Subscription,44128.74,Active
ENT-00372,CUST-0124,PROD-022,2025-02-13,37,2025-02-13,,Concurrent,26880.87,Active
ENT-00373,CUST-0125,PROD-012,2024-07-04,18,2024-07-04,,Concurrent,44134.54,Active
ENT-00374,CUST-0126,PROD-006,2024-06-27,47,2024-06-27,,Named User,2357.6,Active
ENT-00375,CUST-0126,PROD-015,2025-03-05,47,2025-03-05,2025-06-03,Usage-based,27705.82,Active
ENT-00376,CUST-0126,PROD-015,2025-04-27,65,2025-04-27,2027-04-27,Usage-based,22572.68,Active
ENT-00377,CUST-0127,PROD-004,2024-11-28,80,2024-11-28,,Perpetual,34051.89,Active
ENT-00378,CUST-0127,PROD-012,2024-11-16,13,2024-11-16,2025-02-14,Concurrent,19755.8,Active
ENT-00379,CUST-0127,PROD-013,2024-07-01,72,2024-07-01,,Subscription,46953.53,Suspended
ENT-00380,CUST-0127,PROD-021,2024-10-16,78,2024-10-16,2025-01-14,Usage-based,25505.21,Active
ENT-00381,CUST-0127,PROD-019,2024-05-19,5,2024-05-19,2024-06-18,Perpetual,6938.12,Active
ENT-00382,CUST-0128,PROD-007,2024-07-17,67,2024-07-17,,Subscription,22903.73,Active
ENT-00383,CUST-0128,PROD-005,2025-06-23,79,2025-06-23,2026-06-23,Perpetual,15994.65,Active
ENT-00384,CUST-0128,PROD-017,2024-09-03,79,2024-09-03,,Usage-based,36992.04,Active
ENT-00385,CUST-0129,PROD-018,2024-10-31,65,2024-10-31,,Concurrent,41431.64,Active
ENT-00386,CUST-0129,PROD-021,2024-03-17,91,2024-03-17,,Named User,28189.92,Expired
ENT-00387,CUST-0129,PROD-021,2025-05-06,3,2025-05-06,,Named User,18481.05,Expired
ENT-00388,CUST-0130,PROD-003,2024-05-02,75,2024-05-02,,Concurrent,15453.12,Active
ENT-00389,CUST-0131,PROD-002,2023-08-26,34,2023-08-26,,Perpetual,48356.83,Active
ENT-00390,CUST-0132,PROD-007,2023-12-20,75,2023-12-20,2024-01-19,Usage-based,24074.39,Active
ENT-00391,CUST-0132,PROD-004,2024-07-01,19,2024-07-01,,Subscription,41100.9,Active
ENT-00392,CUST-0132,PROD-020,2024-05-06,74,2024-05-06,2024-06-05,Subscription,47415.44,Active
ENT-00393,CUST-0132,PROD-012,2023-09-28,3,2023-09-28,2023-12-27,Subscription,22107.82,Active
ENT-00394,CUST-0132,PROD-014,2024-12-25,20,2024-12-25,,Usage-based,20706.71,Active
ENT-00395,CUST-0133,PROD-010,2024-05-17,65,2024-05-17,,Subscription,38771.12,Active
ENT-00396,CUST-0133,PROD-002,2025-03-30,95,2025-03-30,,Usage-based,36397.36,Active
ENT-00397,CUST-0134,PROD-019,2023-11-05,85,2023-11-05,2024-11-04,Perpetual,23970.71,Active
ENT-00398,CUST-0134,PROD-014,2024-04-06,41,2024-04-06,,Perpetual,47838.61,Expired
ENT-00399,CUST-0135,PROD-012,2025-02-09,70,2025-02-09,,Usage-based,17778.92,Suspended
ENT-00400,CUST-0135,PROD-008,2024-01-16,79,2024-01-16,,Concurrent,24260.59,Active
ENT-00401,CUST-0135,PROD-011,2024-10-16,72,2024-10-16,2025-10-16,Usage-based,14995.11,Active
ENT-00402,CUST-0135,PROD-013,2025-07-01,99,2025-07-01,,Subscription,14521.31,Active
ENT-00403,CUST-0136,PROD-004,2024-10-12,41,2024-10-12,,Perpetual,24042.19,Expired
ENT-00404,CUST-0136,PROD-006,2024-05-28,37,2024-05-28,,Usage-based,6181.52,Suspended
ENT-00405,CUST-0137,PROD-007,2024-11-12,51,2024-11-12,,Subscription,40937.04,Active
ENT-00406,CUST-0137,PROD-021,2024-09-15,6,2024-09-15,2025-09-15,Subscription,14452.75,Active
ENT-00407,CUST-0137,PROD-015,2023-10-21,57,2023-10-21,2024-10-20,Named User,32833.01,Active
ENT-00408,CUST-0137,PROD-010,2024-03-05,28,2024-03-05,,Named User,10183.19,Active
ENT-00409,CUST-0137,PROD-015,2025-06-19,72,2025-06-19,,Perpetual,34838.95,Active
ENT-00410,CUST-0138,PROD-012,2024-10-21,32,2024-10-21,2025-01-19,Concurrent,2633.19,Active
ENT-00411,CUST-0138,PROD-003,2025-01-13,7,2025-01-13,2025-04-13,Concurrent,5099.88,Active
ENT-00412,CUST-0139,PROD-007,2024-04-05,13,2024-04-05,,Usage-based,34091.48,Active
ENT-00413,CUST-0139,PROD-017,2024-01-03,71,2024-01-03,2024-02-02,Subscription,48897.74,Active
ENT-00414,CUST-0139,PROD-014,2023-09-10,84,2023-09-10,2025-09-09,Concurrent,46758.1,Active
ENT-00415,CUST-0140,PROD-025,2024-08-24,84,2024-08-24,,Perpetual,10052.85,Active
ENT-00416,CUST-0140,PROD-001,2024-03-03,42,2024-03-03,,Concurrent,14342.23,Active
ENT-00417,CUST-0140,PROD-014,2023-11-03,84,2023-11-03,2023-12-03,Perpetual,28749.25,Active
ENT-00418,CUST-0140,PROD-004,2024-07-19,54,2024-07-19,2024-10-17,Subscription,44124.02,Active
ENT-00419,CUST-0141,PROD-006,2024-11-12,64,2024-11-12,2026-11-12,Usage-based,9396.95,Active
ENT-00420,CUST-0141,PROD-014,2024-11-04,5,2024-11-04,,Concurrent,562.43,Active
ENT-00421,CUST-0142,PROD-015,2024-02-02,37,2024-02-02,2025-02-01,Named User,22772.02,Active
ENT-00422,CUST-0142,PROD-021,2023-08-19,18,2023-08-19,,Usage-based,42567.88,Expired
ENT-00423,CUST-0142,PROD-014,2023-08-16,35,2023-08-16,,Named User,9721.29,Active
ENT-00424,CUST-0142,PROD-005,2023-08-06,21,2023-08-06,2024-08-05,Concurrent,36582.85,Expired
ENT-00425,CUST-0142,PROD-008,2024-03-10,92,2024-03-10,,Subscription,9391.33,Active
ENT-00426,CUST-0143,PROD-002,2025-05-17,73,2025-05-17,,Concurrent,33752.62,Active
ENT-00427,CUST-0143,PROD-019,2023-08-31,79,2023-08-31,2023-11-29,Named User,42821.71,Active
ENT-00428,CUST-0143,PROD-003,2025-07-16,55,2025-07-16,,Named User,25812.5,Active
ENT-00429,CUST-0144,PROD-016,2023-09-02,86,2023-09-02,,Usage-based,4859.72,Active
ENT-00430,CUST-0145,PROD-012,2024-12-15,42,2024-12-15,,Perpetual,46797.69,Active
ENT-00431,CUST-0145,PROD-025,2023-09-25,50,2023-09-25,2024-09-24,Concurrent,11852.51,Suspended
ENT-00432,CUST-0146,PROD-012,2023-10-15,39,2023-10-15,,Concurrent,29164.79,Active
ENT-00433,CUST-0146,PROD-016,2025-02-14,84,2025-02-14,2026-02-14,Usage-based,18041.65,Expired
ENT-00434,CUST-0146,PROD-013,2024-03-03,86,2024-03-03,2024-04-02,Usage-based,5999.42,Active
ENT-00435,CUST-0147,PROD-016,2025-03-10,88,2025-03-10,2027-03-10,Usage-based,25175.77,Active
ENT-00436,CUST-0147,PROD-005,2024-06-08,89,2024-06-08,,Perpetual,5959.05,Active
ENT-00437,CUST-0147,PROD-005,2024-10-08,48,2024-10-08,,Usage-based,30769.81,Active
ENT-00438,CUST-0148,PROD-005,2024-08-20,20,2024-08-20,2026-08-20,Named User,22803.44,Active
ENT-00439,CUST-0148,PROD-011,2023-09-08,54,2023-09-08,,Concurrent,35126.84,Expired
ENT-00440,CUST-0149,PROD-014,2024-03-21,88,2024-03-21,2024-06-19,Concurrent,37761.5,Active
ENT-00441,CUST-0149,PROD-023,2024-08-20,68,2024-08-20,2026-08-20,Perpetual,35217.93,Active
ENT-00442,CUST-0149,PROD-004,2025-05-18,8,2025-05-18,2025-06-17,Usage-based,41455.83,Expired
ENT-00443,CUST-0149,PROD-020,2025-07-31,22,2025-07-31,2025-10-29,Named User,16473.07,Active
ENT-00444,CUST-0150,PROD-024,2023-10-21,15,2023-10-21,,Perpetual,34046.73,Active
ENT-00445,CUST-0150,PROD-001,2024-01-23,12,2024-01-23,,Perpetual,44954.58,Active
ENT-00446,CUST-0150,PROD-006,2025-05-05,8,2025-05-05,,Perpetual,22726.27,Active
ENT-00447,CUST-0150,PROD-015,2023-11-18,59,2023-11-18,,Perpetual,28239.17,Active
ENT-00448,CUST-0150,PROD-015,2024-04-09,87,2024-04-09,,Concurrent,40365.08,Active
